ch1,ch2,ch3,ch4,ch5,ch6,ch7,ch8,ch9,ch10,ch11,ch12,ch13,ch14,ch15,ch16,ch17,ch18,ch19,ch20,ch21,ch22,ch23,ch24,ch25,ch26,ch27,ch28,ch29,ch30,ch31,ch32,ch33,ch34,ch35,ch36,ch37,ch38,ch39,ch40,ch41,ch42,ch43,ch44,ch45,ch46,ch47,ch48,ch49,ch50,ch51,ch52,ch53,ch54,ch55,ch56,ch57,ch58,ch59,ch60,ch61,ch62,ch63,ch64,temperature,humidity,label
26917.8,26918.4,1901.2,1900.5,1900.8,1211.5,1211.2,1211.3,8443.1,8442.5,8443.6,1646.6,1647.2,1647.6,4743.3,4743.2,118748.1,118725.2,17588.4,17581.8,17588.6,2945.4,2942.9,2941.9,1429.0,1429.0,1429.0,2425.9,2426.4,2426.6,15615.7,15616.5,23372.6,23361.6,4025.9,4025.5,4026.2,2313.3,2312.4,2312.5,5453.8,5451.6,5451.9,2607.5,2606.6,2607.1,84712.3,84684.8,5740.4,5739.0,1672.8,1671.9,1672.0,4612.0,4611.8,4611.8,1391.2,1390.3,1390.6,1682.3,1682.1,1682.3,4780.1,4779.3,39.310001,24.23,Starbucks_Dark_Coffee_Cold
26921.6,26925.0,1900.9,1900.1,1900.5,1212.9,1212.7,1212.6,8439.5,8439.0,8439.6,1647.1,1646.4,1646.3,4741.5,4741.2,118637.6,118704.1,17589.5,17587.6,17585.5,2945.7,2943.2,2942.0,1429.1,1428.9,1429.1,2426.8,2426.5,2427.0,15618.8,15616.1,23317.2,23325.2,4025.4,4025.5,4025.7,2313.8,2312.5,2312.5,5445.1,5441.9,5439.2,2605.7,2605.7,2605.4,84605.9,84617.5,5736.5,5735.3,1671.8,1670.9,1670.4,4605.4,4604.9,4605.9,1390.4,1389.8,1390.0,1682.5,1682.8,1683.0,4777.4,4776.3,40.490002,24.23,Starbucks_Dark_Coffee_Cold
26917.9,26922.5,1899.1,1898.7,1898.9,1212.2,1212.0,1212.1,8433.9,8434.0,8434.0,1645.0,1645.6,1646.2,4738.3,4738.0,118656.5,118700.3,17602.7,17595.9,17594.6,2947.0,2944.2,2942.7,1428.0,1428.0,1428.1,2425.7,2425.3,2425.3,15621.4,15620.8,23351.2,23347.1,3998.1,3998.2,3998.9,2313.1,2312.6,2312.3,5430.2,5428.7,5428.5,2602.2,2601.4,2601.7,84604.2,84598.6,5732.2,5732.3,1672.1,1670.8,1670.7,4603.7,4603.2,4603.8,1390.0,1389.1,1389.4,1683.9,1683.2,1683.7,4777.0,4777.8,40.459999,24.24,Starbucks_Dark_Coffee_Cold
26902.7,26899.2,1898.1,1897.7,1898.2,1212.0,1211.5,1211.7,8431.5,8431.1,8430.3,1644.0,1643.8,1644.4,4735.6,4736.0,118677.3,118594.3,17601.6,17598.7,17593.2,2948.4,2945.4,2943.4,1427.9,1427.8,1428.0,2425.8,2425.6,2426.4,15618.5,15616.0,23313.7,23319.5,3991.7,3990.7,3989.8,2312.3,2311.3,2311.6,5412.5,5409.6,5410.5,2594.9,2594.9,2594.5,84525.8,84510.7,5729.8,5728.2,1669.4,1668.2,1668.6,4597.2,4597.8,4597.8,1389.0,1388.3,1388.7,1682.6,1682.6,1683.3,4780.2,4776.7,41.150002,24.26,Starbucks_Dark_Coffee_Cold
26898.2,26897.7,1897.1,1896.7,1896.9,1211.1,1210.5,1210.7,8428.1,8428.4,8427.5,1640.7,1640.4,1641.0,4733.3,4733.2,118490.6,118592.7,17596.8,17594.2,17593.2,2950.9,2947.6,2946.3,1427.1,1426.8,1426.7,2425.1,2425.1,2425.0,15617.5,15614.0,23317.5,23306.6,3982.5,3982.4,3982.9,2313.2,2311.7,2312.1,5405.8,5403.5,5402.4,2591.4,2591.0,2591.7,84532.6,84533.9,5726.9,5727.9,1668.3,1667.1,1667.1,4595.6,4596.2,4596.1,1389.5,1388.5,1388.4,1684.0,1683.2,1684.0,4778.3,4778.6,42.139999,24.290001,Starbucks_Dark_Coffee_Cold
26884.1,26891.8,1895.2,1894.7,1894.7,1209.5,1209.0,1209.0,8425.4,8424.5,8425.1,1638.5,1638.8,1639.2,4730.1,4729.9,118538.1,118507.7,17617.4,17607.5,17608.0,2951.1,2948.5,2946.4,1425.6,1425.5,1425.5,2424.7,2424.1,2425.1,15623.0,15622.0,23347.9,23352.5,3972.9,3972.9,3972.3,2313.0,2311.8,2311.7,5394.8,5394.0,5395.3,2586.0,2585.6,2585.7,84508.2,84500.1,5725.4,5726.0,1668.4,1667.2,1667.1,4595.6,4594.6,4596.4,1389.2,1388.5,1388.6,1684.5,1684.0,1684.6,4777.9,4778.7,43.400002,24.27,Starbucks_Dark_Coffee_Cold
26906.1,26907.3,1895.5,1895.1,1895.0,1209.9,1209.6,1209.6,8425.1,8424.7,8425.7,1640.4,1640.6,1641.3,4730.1,4730.1,118648.4,118528.0,17632.3,17612.9,17618.6,2954.0,2950.6,2949.0,1426.2,1426.0,1425.9,2425.6,2425.3,2426.1,15623.5,15622.0,23343.3,23344.7,3969.8,3969.6,3969.8,2313.5,2312.2,2312.6,5391.3,5390.5,5389.1,2585.3,2585.2,2585.0,84402.1,84421.3,5722.3,5722.8,1668.4,1667.7,1667.4,4592.5,4592.3,4592.4,1389.0,1388.6,1388.5,1684.2,1683.9,1684.2,4778.3,4779.5,44.650002,24.290001,Starbucks_Dark_Coffee_Cold
26903.7,26903.4,1895.1,1894.3,1894.7,1210.3,1210.0,1210.0,8424.2,8424.3,8424.8,1639.0,1638.5,1639.3,4727.7,4727.6,118542.0,118585.8,17607.5,17600.7,17599.5,2953.4,2950.6,2949.2,1425.4,1425.5,1425.6,2425.5,2425.1,2425.5,15623.8,15626.3,23330.4,23331.4,3966.4,3966.7,3965.9,2313.9,2312.4,2312.7,5382.7,5382.6,5382.1,2582.9,2582.7,2582.9,84412.0,84412.4,5719.5,5720.5,1668.5,1667.5,1667.4,4591.8,4591.5,4591.4,1388.9,1388.2,1388.5,1685.0,1684.7,1684.7,4778.5,4778.0,45.0,24.27,Starbucks_Dark_Coffee_Cold
26920.4,26918.0,1895.7,1895.2,1895.4,1211.4,1210.9,1211.0,8425.3,8425.9,8424.9,1640.1,1639.5,1640.4,4727.3,4727.7,118669.1,118745.0,17610.6,17591.7,17590.9,2954.5,2951.9,2950.3,1426.1,1425.8,1425.7,2426.2,2425.9,2426.6,15627.0,15628.8,23350.1,23346.7,3971.4,3970.8,3970.9,2314.5,2313.5,2313.5,5390.4,5389.5,5388.2,2587.3,2586.8,2587.8,84392.8,84388.0,5721.5,5720.8,1670.4,1669.5,1669.6,4592.2,4592.8,4592.7,1389.0,1388.2,1388.3,1686.0,1684.7,1685.7,4778.0,4777.1,45.459999,24.309999,Starbucks_Dark_Coffee_Cold
26917.4,26913.3,1895.5,1895.1,1895.2,1212.3,1211.7,1211.8,8423.1,8422.2,8422.6,1640.5,1640.7,1641.3,4725.8,4725.4,118645.4,118546.0,17591.6,17596.1,17596.7,2953.7,2950.5,2949.2,1426.0,1425.6,1425.7,2426.4,2426.1,2426.8,15629.8,15629.4,23346.4,23353.9,3968.9,3968.8,3969.7,2314.6,2313.3,2313.6,5381.6,5379.9,5380.1,2586.4,2586.4,2587.2,84448.5,84439.0,5717.9,5720.1,1671.0,1669.6,1669.6,4589.2,4589.7,4589.7,1388.4,1387.6,1387.9,1685.8,1685.3,1685.6,4778.2,4778.1,44.84,24.309999,Starbucks_Dark_Coffee_Cold
26917.9,26925.3,1895.1,1894.6,1894.8,1212.3,1211.8,1211.9,8420.2,8420.1,8419.6,1639.8,1639.6,1640.4,4724.1,4723.7,118552.3,118716.3,17607.6,17599.4,17596.5,2954.3,2951.0,2949.2,1425.7,1425.4,1425.6,2426.1,2426.4,2426.4,15629.9,15634.0,23354.2,23359.6,3967.5,3967.9,3967.7,2315.0,2313.8,2314.1,5377.8,5376.5,5375.6,2587.5,2586.9,2587.4,84422.8,84408.2,5718.3,5718.9,1671.3,1670.2,1670.1,4588.8,4589.3,4589.4,1387.9,1387.3,1387.7,1686.4,1686.3,1686.2,4777.6,4778.9,44.25,24.33,Starbucks_Dark_Coffee_Cold
26916.5,26920.3,1894.8,1894.3,1894.6,1213.0,1212.5,1212.6,8419.2,8419.1,8419.1,1639.3,1639.3,1639.6,4722.5,4722.6,118648.8,118665.1,17609.3,17607.3,17599.9,2955.8,2952.6,2951.0,1425.9,1425.7,1425.8,2426.7,2426.8,2427.1,15633.0,15633.2,23348.3,23356.3,3968.0,3967.6,3967.7,2315.7,2314.5,2315.0,5376.0,5376.5,5375.7,2589.3,2588.4,2589.4,84377.9,84404.4,5716.1,5718.2,1672.6,1671.1,1671.1,4589.4,4589.4,4590.7,1388.6,1388.1,1387.9,1686.6,1686.4,1687.3,4777.3,4778.0,44.009998,24.33,Starbucks_Dark_Coffee_Cold
26926.5,26922.8,1894.9,1894.6,1894.7,1213.8,1213.3,1213.5,8419.5,8418.8,8418.7,1640.8,1640.7,1640.8,4721.8,4721.9,118572.0,118614.4,17613.7,17607.6,17601.7,2955.6,2953.3,2951.6,1425.8,1425.7,1425.7,2426.2,2426.7,2427.0,15631.6,15633.1,23334.8,23333.6,3967.6,3966.9,3966.8,2316.2,2315.3,2315.4,5375.8,5374.0,5373.3,2589.4,2588.9,2589.2,84383.9,84380.9,5716.6,5714.9,1673.0,1672.0,1671.7,4587.1,4587.5,4588.3,1388.4,1388.2,1387.9,1687.1,1687.4,1687.1,4778.9,4779.2,43.75,24.33,Starbucks_Dark_Coffee_Cold
26919.9,26920.6,1894.7,1894.3,1894.3,1213.8,1213.6,1213.6,8416.4,8415.7,8416.6,1639.5,1639.5,1639.7,4720.4,4720.0,118455.7,118492.9,17598.7,17598.2,17595.8,2955.7,2953.5,2951.4,1425.7,1425.5,1425.6,2426.8,2427.1,2427.3,15632.4,15632.9,23323.4,23318.0,3966.2,3965.6,3965.6,2316.1,2314.8,2315.0,5366.6,5366.8,5366.1,2588.0,2587.9,2588.3,84394.2,84406.5,5714.8,5714.7,1672.7,1671.9,1671.6,4585.6,4584.9,4585.8,1388.5,1387.7,1387.9,1686.8,1686.6,1687.2,4778.3,4780.2,43.490002,24.370001,Starbucks_Dark_Coffee_Cold
26930.3,26925.1,1894.4,1893.7,1894.0,1214.0,1213.6,1213.9,8413.0,8412.7,8413.8,1638.2,1638.0,1638.2,4719.3,4719.1,118461.3,118442.9,17600.0,17581.9,17587.9,2956.7,2953.8,2951.8,1425.2,1425.0,1425.0,2426.5,2427.0,2427.3,15635.1,15637.0,23332.6,23332.3,3963.5,3962.8,3963.6,2316.4,2315.2,2315.4,5360.6,5359.6,5359.2,2586.2,2586.2,2586.0,84383.6,84405.6,5712.6,5711.9,1672.3,1671.2,1671.2,4582.6,4582.3,4583.2,1388.2,1387.7,1387.7,1687.4,1687.0,1687.4,4780.4,4779.2,43.330002,24.379999,Starbucks_Dark_Coffee_Cold
26927.7,26925.0,1894.0,1893.5,1893.7,1213.9,1213.6,1213.4,8409.9,8409.9,8410.5,1637.6,1637.7,1638.6,4717.3,4717.3,118529.4,118572.5,17609.7,17607.4,17590.3,2955.9,2953.0,2951.7,1425.1,1425.0,1425.0,2425.7,2425.7,2425.8,15639.0,15636.1,23337.0,23325.5,3961.7,3960.8,3962.5,2316.4,2315.1,2315.1,5357.9,5356.3,5355.4,2585.7,2585.7,2586.3,84328.7,84338.1,5709.4,5709.5,1672.8,1671.3,1671.4,4581.3,4580.9,4581.2,1387.7,1386.7,1386.7,1686.7,1686.9,1687.2,4778.6,4778.5,43.34,24.379999,Starbucks_Dark_Coffee_Cold
26919.8,26925.0,1893.5,1893.1,1893.3,1213.9,1213.4,1213.7,8407.8,8406.8,8407.0,1637.9,1637.5,1638.1,4715.8,4715.7,118601.9,118585.7,17603.1,17589.1,17587.7,2956.7,2954.0,2953.0,1425.0,1424.7,1424.9,2427.0,2427.1,2426.9,15631.2,15632.0,23321.2,23322.3,3960.2,3959.8,3960.7,2316.3,2315.5,2315.5,5353.2,5351.2,5351.3,2585.9,2585.8,2586.2,84335.8,84323.4,5710.4,5710.3,1671.7,1670.9,1670.5,4579.4,4579.5,4580.4,1387.6,1386.8,1387.2,1687.8,1687.6,1687.5,4778.9,4778.6,43.43,24.4,Starbucks_Dark_Coffee_Cold
26923.9,26922.3,1893.4,1892.9,1893.0,1214.3,1214.0,1214.1,8407.3,8406.7,8406.5,1637.5,1637.5,1637.8,4714.8,4714.7,118651.1,118573.0,17597.7,17603.0,17591.5,2957.2,2954.0,2953.1,1425.0,1424.9,1425.3,2426.9,2426.6,2427.4,15634.8,15633.3,23326.3,23317.9,3960.0,3959.7,3959.5,2316.5,2315.1,2315.4,5351.6,5350.6,5349.3,2585.6,2585.5,2585.7,84302.9,84297.4,5709.2,5708.0,1672.7,1672.0,1671.8,4579.6,4579.8,4580.0,1387.8,1387.4,1387.3,1688.1,1688.1,1688.1,4777.7,4777.9,43.43,24.41,Starbucks_Dark_Coffee_Cold
26925.2,26925.2,1893.1,1892.4,1892.7,1214.9,1214.6,1214.5,8407.4,8405.8,8406.8,1637.0,1636.6,1637.6,4713.6,4713.6,118578.6,118616.2,17605.1,17599.7,17600.6,2957.1,2954.5,2953.0,1425.3,1425.0,1425.2,2427.5,2427.4,2427.6,15639.2,15636.9,23310.1,23322.6,3962.4,3962.2,3962.4,2318.0,2316.6,2317.5,5350.8,5349.6,5349.4,2588.3,2586.9,2587.4,84355.2,84321.4,5709.5,5709.0,1673.2,1672.2,1672.3,4578.7,4578.7,4578.9,1388.2,1387.3,1387.3,1688.4,1687.9,1688.4,4777.4,4777.4,43.490002,24.41,Starbucks_Dark_Coffee_Cold
26924.5,26918.1,1892.1,1891.8,1892.0,1215.1,1214.8,1214.9,8404.3,8404.1,8404.8,1637.0,1637.2,1637.7,4712.6,4712.7,118645.4,118535.7,17601.7,17593.9,17594.4,2957.6,2954.8,2953.1,1425.3,1425.0,1425.2,2428.3,2427.4,2427.6,15640.6,15643.4,23321.7,23324.6,3960.9,3960.3,3960.5,2318.3,2317.2,2317.2,5344.8,5343.2,5342.0,2586.7,2586.6,2586.5,84325.5,84301.6,5706.2,5705.8,1674.1,1672.9,1672.9,4578.0,4577.5,4578.0,1387.9,1387.5,1387.3,1688.6,1688.3,1688.6,4780.8,4780.2,43.279999,24.4,Starbucks_Dark_Coffee_Cold
26921.2,26923.9,1891.9,1891.5,1891.8,1215.6,1215.1,1215.1,8402.3,8402.4,8401.5,1637.0,1636.2,1636.8,4711.2,4711.1,118532.3,118530.5,17598.5,17593.6,17585.7,2957.1,2954.7,2952.6,1425.0,1424.9,1425.0,2427.5,2427.0,2427.3,15637.5,15639.2,23314.9,23317.1,3959.3,3960.0,3959.6,2318.1,2317.1,2317.2,5342.1,5339.4,5340.9,2586.1,2585.7,2586.0,84287.1,84281.5,5705.7,5704.4,1673.3,1672.4,1672.4,4575.0,4575.5,4576.0,1387.8,1387.3,1387.4,1689.5,1689.4,1689.5,4777.6,4775.9,43.25,24.469999,Starbucks_Dark_Coffee_Cold
26913.7,26913.7,1891.7,1891.0,1891.3,1215.4,1214.9,1215.1,8400.2,8399.7,8399.6,1636.0,1635.6,1636.3,4709.7,4709.7,118322.6,118407.1,17603.6,17587.3,17589.5,2957.6,2954.7,2953.0,1424.8,1424.6,1424.9,2426.7,2425.9,2426.6,15637.7,15638.0,23309.7,23321.4,3959.5,3959.5,3959.7,2318.2,2316.9,2317.3,5340.0,5338.0,5337.7,2586.3,2585.9,2586.3,84281.4,84320.2,5702.8,5702.8,1673.2,1672.0,1672.1,4574.8,4574.8,4574.4,1387.3,1387.0,1386.8,1688.4,1688.3,1689.0,4775.7,4776.3,43.23,24.440001,Starbucks_Dark_Coffee_Cold
26915.8,26915.9,1891.7,1891.2,1891.6,1215.3,1214.9,1214.7,8396.6,8396.6,8396.2,1634.8,1634.7,1636.1,4708.1,4707.7,118415.3,118505.0,17608.8,17600.1,17596.3,2957.3,2954.3,2953.3,1424.7,1424.6,1424.5,2426.4,2426.0,2427.1,15637.3,15634.8,23313.2,23324.2,3956.7,3957.7,3957.6,2318.6,2317.6,2317.5,5333.7,5332.2,5331.4,2585.4,2585.0,2585.2,84236.1,84239.5,5700.4,5701.2,1673.0,1672.0,1672.0,4573.3,4573.0,4573.0,1387.4,1386.5,1386.4,1688.4,1688.9,1689.5,4775.8,4775.4,43.169998,24.459999,Starbucks_Dark_Coffee_Cold
26918.5,26923.1,1891.4,1890.9,1891.2,1215.3,1215.0,1215.3,8394.8,8394.3,8395.3,1634.7,1634.7,1635.4,4706.9,4706.4,118353.8,118398.5,17600.2,17591.3,17585.6,2958.0,2955.1,2954.0,1424.7,1424.4,1424.4,2427.4,2427.6,2428.0,15640.8,15638.9,23336.9,23332.9,3957.2,3956.9,3956.8,2318.6,2317.8,2317.7,5332.8,5332.4,5331.7,2585.5,2585.0,2585.5,84224.6,84265.2,5699.6,5700.1,1673.8,1672.7,1672.9,4571.0,4571.0,4571.7,1386.7,1385.9,1385.7,1689.8,1688.8,1689.2,4777.3,4775.9,43.169998,24.459999,Starbucks_Dark_Coffee_Cold
26915.9,26915.1,1890.6,1890.2,1890.3,1215.6,1215.2,1215.1,8392.9,8392.8,8393.2,1633.6,1634.1,1635.0,4705.0,4705.1,118413.3,118422.8,17602.6,17587.9,17586.7,2959.4,2957.0,2954.7,1424.7,1424.5,1424.6,2427.9,2427.6,2427.9,15644.4,15642.5,23327.6,23320.8,3958.4,3958.4,3958.4,2318.8,2317.9,2318.1,5331.8,5329.8,5329.2,2586.0,2585.3,2586.0,84168.9,84236.4,5697.8,5698.7,1673.9,1672.7,1672.6,4569.9,4569.3,4571.2,1386.4,1385.6,1385.7,1688.5,1688.7,1689.3,4775.7,4775.6,43.119999,24.469999,Starbucks_Dark_Coffee_Cold
26919.6,26921.2,1890.5,1890.0,1890.2,1215.7,1215.3,1215.4,8390.9,8390.7,8390.1,1633.3,1633.7,1633.8,4704.1,4703.9,118503.5,118485.4,17608.5,17602.9,17588.7,2959.4,2956.6,2955.4,1424.7,1424.7,1424.6,2427.8,2427.4,2427.8,15641.6,15640.8,23301.7,23312.9,3958.0,3958.6,3958.9,2319.8,2319.1,2319.4,5327.0,5325.8,5325.3,2585.3,2585.4,2585.5,84189.7,84207.0,5695.9,5696.0,1673.4,1672.5,1672.3,4568.7,4568.6,4568.6,1386.2,1385.9,1385.7,1689.5,1689.5,1689.5,4777.0,4775.5,42.990002,24.51,Starbucks_Dark_Coffee_Cold
26911.6,26912.6,1890.3,1889.7,1890.2,1216.0,1215.6,1215.5,8389.3,8388.8,8389.4,1633.7,1633.9,1634.1,4702.3,4702.2,118409.3,118370.7,17606.5,17609.9,17601.1,2959.9,2956.9,2955.5,1425.0,1424.7,1424.7,2427.8,2427.7,2428.5,15645.3,15643.0,23299.8,23310.0,3955.8,3955.7,3956.0,2320.2,2319.4,2319.5,5322.7,5321.5,5321.4,2584.0,2583.9,2584.4,84203.1,84173.7,5695.9,5695.1,1673.6,1672.4,1672.7,4569.3,4568.5,4569.2,1386.2,1385.9,1386.0,1690.5,1690.4,1690.6,4778.8,4777.7,43.110001,24.5,Starbucks_Dark_Coffee_Cold
26914.8,26920.2,1889.7,1889.3,1889.7,1216.4,1216.1,1216.2,8390.9,8392.1,8392.5,1633.6,1634.3,1634.8,4701.5,4701.6,118402.4,118385.6,17614.9,17609.8,17618.3,2961.7,2957.8,2956.3,1425.7,1425.5,1425.4,2427.8,2427.8,2428.1,15647.4,15646.1,23318.5,23328.6,3957.2,3957.8,3958.6,2321.2,2320.2,2320.8,5326.6,5325.7,5324.5,2586.4,2585.8,2586.2,84204.1,84234.8,5695.8,5694.1,1674.9,1673.5,1673.6,4568.9,4568.9,4569.3,1386.7,1386.5,1386.4,1690.7,1690.6,1690.7,4777.1,4777.7,43.43,24.51,Starbucks_Dark_Coffee_Cold
26922.4,26920.8,1890.3,1889.7,1889.6,1217.4,1216.9,1217.1,8392.0,8391.2,8391.3,1634.2,1634.6,1634.6,4701.3,4701.2,118480.0,118423.2,17611.9,17611.2,17605.7,2961.6,2958.4,2957.2,1425.9,1425.6,1425.7,2427.5,2427.1,2427.4,15645.8,15645.4,23316.1,23316.1,3956.1,3956.3,3955.8,2321.3,2320.4,2320.6,5321.9,5320.7,5319.7,2585.1,2585.2,2585.2,84158.6,84173.3,5695.2,5696.2,1675.0,1674.3,1673.9,4568.9,4569.3,4569.2,1387.0,1386.4,1386.4,1691.3,1691.1,1691.4,4779.8,4778.2,43.450001,24.51,Starbucks_Dark_Coffee_Cold
26927.7,26929.5,1890.2,1889.8,1889.9,1218.2,1217.7,1217.8,8394.2,8393.8,8394.3,1635.4,1635.8,1635.9,4701.4,4701.3,118492.5,118506.9,17620.3,17608.1,17604.6,2962.1,2959.6,2957.6,1426.4,1426.3,1426.4,2427.8,2427.7,2427.8,15650.7,15650.8,23339.2,23340.6,3959.3,3959.3,3959.1,2322.8,2321.7,2321.9,5325.7,5324.6,5324.2,2588.0,2587.3,2587.8,84234.6,84224.6,5696.1,5696.5,1676.7,1675.4,1675.5,4568.6,4568.4,4569.3,1387.8,1387.4,1387.2,1692.1,1691.8,1692.5,4779.0,4779.6,43.560001,24.530001,Starbucks_Dark_Coffee_Cold
26930.9,26926.0,1890.8,1890.1,1890.7,1219.2,1218.7,1218.8,8394.0,8394.1,8393.5,1635.6,1636.0,1636.5,4700.7,4700.8,118442.8,118385.8,17632.4,17627.3,17618.9,2963.5,2960.9,2959.0,1427.0,1427.1,1427.0,2428.3,2428.7,2429.4,15643.8,15648.0,23334.9,23330.7,3961.8,3960.8,3961.8,2323.9,2322.8,2323.2,5329.9,5328.7,5327.5,2589.5,2588.7,2589.2,84213.4,84227.9,5698.5,5697.2,1677.3,1676.2,1676.4,4568.6,4568.0,4568.4,1387.8,1387.2,1387.3,1692.5,1691.9,1691.9,4778.1,4778.0,43.43,24.559999,Starbucks_Dark_Coffee_Cold
26920.4,26917.4,1890.6,1890.1,1890.5,1219.9,1219.5,1219.4,8393.0,8393.8,8393.2,1635.3,1635.6,1635.8,4699.5,4699.6,118461.3,118437.5,17638.8,17624.5,17622.6,2963.5,2961.1,2959.6,1426.8,1426.7,1426.6,2427.8,2427.5,2428.0,15645.2,15645.4,23313.4,23315.6,3955.1,3956.0,3955.5,2322.8,2321.8,2322.0,5314.2,5313.7,5313.8,2584.7,2584.0,2584.4,84213.7,84251.3,5694.9,5693.4,1675.6,1674.5,1674.2,4565.7,4564.5,4564.7,1387.1,1386.6,1386.4,1692.5,1692.0,1692.6,4779.5,4778.0,43.200001,24.540001,Starbucks_Dark_Coffee_Cold
26924.8,26920.6,1889.0,1888.9,1888.8,1218.4,1218.0,1218.0,8391.3,8391.5,8392.2,1633.2,1633.7,1634.0,4697.5,4697.5,118392.1,118461.7,17627.4,17617.3,17612.0,2964.4,2961.5,2959.7,1426.7,1426.6,1426.7,2429.2,2428.4,2429.1,15645.7,15646.4,23323.9,23323.7,3954.8,3955.2,3954.8,2323.5,2322.5,2322.7,5315.8,5315.2,5314.7,2582.2,2582.1,2582.5,84220.7,84238.8,5694.6,5693.1,1675.4,1674.2,1674.2,4564.9,4565.2,4566.3,1387.7,1386.6,1387.1,1692.0,1692.0,1692.4,4779.6,4780.0,43.43,24.57,Starbucks_Dark_Coffee_Cold
26935.4,26934.5,1890.1,1889.5,1890.2,1219.3,1218.7,1218.8,8392.5,8392.0,8391.7,1633.7,1634.4,1634.7,4697.3,4697.0,118500.3,118330.4,17625.2,17620.1,17617.4,2964.0,2960.9,2959.7,1427.1,1426.8,1426.9,2428.1,2428.3,2429.3,15643.8,15644.4,23319.7,23336.2,3957.0,3957.3,3956.9,2323.9,2323.0,2322.9,5314.3,5312.9,5312.4,2583.6,2583.5,2583.5,84207.1,84203.7,5690.6,5691.8,1675.7,1674.2,1674.2,4564.4,4563.8,4565.1,1387.4,1386.7,1387.0,1692.0,1692.2,1693.0,4778.4,4780.1,44.200001,24.57,Starbucks_Dark_Coffee_Cold
26935.7,26932.1,1890.7,1890.3,1890.4,1219.7,1219.1,1219.0,8391.2,8389.8,8390.2,1634.0,1634.3,1634.5,4696.6,4696.3,118444.4,118501.2,17617.2,17614.0,17608.5,2963.6,2960.3,2958.5,1427.0,1426.8,1426.7,2427.3,2427.7,2428.1,15648.1,15650.2,23339.0,23347.1,3956.0,3957.0,3956.3,2324.0,2323.0,2323.2,5313.9,5313.9,5313.7,2583.4,2583.0,2583.1,84190.5,84190.6,5691.1,5691.8,1675.9,1675.1,1675.0,4565.8,4566.1,4565.3,1387.2,1386.7,1386.6,1692.4,1692.1,1692.6,4779.4,4778.1,44.200001,24.58,Starbucks_Dark_Coffee_Cold
26942.3,26941.2,1890.5,1890.2,1890.5,1220.1,1219.6,1219.7,8388.8,8388.3,8388.3,1633.7,1634.1,1634.7,4695.8,4696.1,118488.4,118432.4,17622.3,17606.6,17610.0,2963.3,2960.3,2958.3,1426.8,1426.7,1426.9,2428.2,2428.0,2428.6,15647.9,15648.1,23331.4,23333.0,3956.7,3956.9,3957.0,2323.5,2323.0,2323.1,5309.9,5308.8,5309.6,2582.8,2582.9,2583.3,84118.8,84167.5,5690.9,5690.8,1676.3,1675.0,1674.8,4563.1,4562.8,4563.4,1386.7,1386.3,1386.1,1692.5,1692.3,1692.1,4779.2,4778.5,44.029999,24.6,Starbucks_Dark_Coffee_Cold
26931.5,26937.7,1890.3,1890.1,1890.2,1220.0,1219.6,1219.6,8386.2,8385.0,8386.8,1633.4,1632.8,1633.3,4694.2,4694.2,118415.4,118440.6,17625.7,17624.0,17615.7,2963.6,2960.6,2958.6,1427.3,1427.2,1427.2,2428.3,2428.4,2428.4,15643.2,15644.9,23350.8,23345.6,3960.7,3959.7,3960.8,2324.5,2323.9,2324.1,5314.5,5313.5,5313.1,2584.6,2584.4,2585.0,84178.1,84175.0,5689.4,5691.4,1676.5,1675.1,1675.2,4562.2,4562.6,4562.3,1386.6,1385.9,1386.0,1693.0,1692.5,1692.2,4778.5,4777.9,43.689999,24.610001,Starbucks_Dark_Coffee_Cold
26935.2,26926.4,1890.0,1889.4,1889.9,1219.7,1219.2,1219.1,8383.7,8383.0,8383.4,1631.4,1630.3,1631.4,4692.5,4692.4,118359.9,118381.4,17624.1,17617.6,17619.8,2964.1,2961.4,2959.4,1426.3,1425.9,1426.1,2427.2,2427.7,2428.0,15645.9,15646.9,23338.0,23337.8,3953.3,3953.8,3954.2,2323.1,2322.2,2322.2,5299.4,5296.8,5297.0,2577.5,2577.6,2577.6,84104.2,84138.8,5687.4,5688.0,1674.1,1673.2,1673.0,4558.3,4559.0,4559.7,1386.0,1385.6,1385.4,1691.2,1691.4,1691.2,4777.2,4777.1,43.5,24.639999,Starbucks_Dark_Coffee_Cold
26923.2,26923.3,1889.4,1889.1,1889.3,1218.7,1218.3,1218.1,8379.8,8379.5,8380.0,1630.4,1630.4,1631.3,4691.1,4690.8,118361.4,118372.4,17617.6,17615.3,17609.2,2962.7,2959.8,2958.1,1425.8,1425.7,1425.8,2427.3,2427.3,2427.6,15649.6,15648.9,23351.6,23347.6,3952.8,3952.3,3952.3,2322.9,2321.9,2322.0,5299.2,5296.8,5295.7,2576.3,2575.9,2576.5,83986.9,84055.2,5686.7,5685.7,1672.8,1672.2,1672.4,4557.8,4558.7,4558.5,1386.2,1385.2,1385.5,1690.4,1690.6,1690.8,4777.2,4776.2,43.82,24.639999,Starbucks_Dark_Coffee_Cold
26921.5,26932.6,1888.5,1888.1,1888.7,1217.9,1217.7,1217.7,8378.2,8378.1,8377.5,1629.3,1629.4,1629.8,4688.7,4689.6,118355.8,118300.1,17615.8,17618.2,17608.6,2963.1,2960.6,2958.6,1425.6,1425.4,1425.5,2426.7,2426.8,2427.3,15645.7,15645.6,23349.3,23357.5,3950.5,3950.1,3950.0,2322.5,2321.5,2321.6,5291.1,5290.1,5288.6,2574.5,2573.6,2573.9,84004.9,83969.1,5682.3,5682.0,1672.3,1671.2,1671.1,4555.3,4554.3,4555.0,1385.6,1384.9,1384.8,1691.4,1690.6,1691.2,4775.4,4775.5,44.110001,24.639999,Starbucks_Dark_Coffee_Cold
26924.3,26924.3,1887.6,1886.8,1887.3,1217.1,1216.4,1216.5,8374.4,8373.6,8373.5,1627.0,1627.5,1628.0,4686.9,4686.7,118307.1,118346.3,17622.8,17612.1,17606.4,2962.5,2959.5,2957.9,1424.3,1424.2,1424.2,2424.9,2425.0,2424.6,15647.8,15644.1,23315.8,23314.6,3938.2,3938.7,3938.4,2321.2,2320.0,2320.3,5273.5,5271.8,5270.7,2565.4,2564.6,2565.1,83933.3,83967.8,5678.5,5679.4,1669.8,1668.4,1668.4,4551.6,4551.8,4552.5,1384.9,1384.4,1384.1,1690.6,1690.4,1690.2,4773.6,4773.5,44.27,24.65,Starbucks_Dark_Coffee_Cold
26921.7,26920.2,1887.3,1886.9,1887.3,1215.8,1215.4,1215.4,8371.9,8372.1,8372.4,1626.5,1626.9,1627.1,4685.5,4685.5,118350.0,118317.6,17601.1,17598.6,17591.5,2962.0,2959.0,2957.5,1424.3,1423.9,1423.8,2423.2,2423.2,2423.8,15645.9,15643.2,23291.6,23310.7,3934.8,3934.8,3935.0,2320.9,2319.9,2320.2,5268.8,5268.6,5267.0,2561.6,2560.6,2560.9,83951.1,83917.9,5677.6,5677.6,1667.8,1667.0,1666.4,4548.0,4548.6,4547.9,1384.6,1384.0,1384.0,1690.3,1690.0,1690.7,4772.5,4770.9,45.290001,24.68,Starbucks_Dark_Coffee_Cold
26904.7,26910.1,1887.2,1886.9,1886.8,1215.3,1214.7,1214.9,8371.0,8370.2,8370.3,1625.8,1626.2,1626.5,4684.6,4684.6,118271.8,118287.2,17603.5,17601.4,17598.4,2961.4,2958.3,2956.8,1424.3,1424.1,1424.1,2424.3,2424.5,2424.5,15644.4,15644.7,23312.0,23305.3,3936.9,3936.6,3937.5,2321.1,2319.9,2319.9,5272.1,5269.8,5269.2,2562.5,2562.2,2562.3,83953.7,83963.8,5674.6,5675.7,1667.8,1666.2,1666.1,4545.9,4545.7,4546.8,1384.5,1383.7,1383.9,1689.7,1689.6,1689.8,4772.1,4773.0,45.93,24.65,Starbucks_Dark_Coffee_Cold
26909.8,26905.8,1885.6,1884.9,1885.1,1214.0,1213.3,1213.2,8367.9,8366.3,8367.7,1623.9,1623.7,1623.6,4681.2,4681.3,118297.0,118290.0,17617.3,17607.6,17595.2,2961.2,2958.5,2957.3,1422.5,1422.3,1422.2,2422.4,2422.3,2422.6,15638.5,15641.8,23289.9,23293.1,3923.4,3923.1,3922.7,2318.6,2318.0,2318.2,5252.3,5250.2,5251.2,2552.8,2552.3,2552.6,83853.2,83821.2,5671.4,5670.3,1664.0,1663.1,1663.2,4545.4,4544.2,4545.5,1383.9,1382.9,1383.2,1689.6,1689.5,1689.9,4771.4,4772.3,46.189999,24.68,Starbucks_Dark_Coffee_Cold
26909.9,26905.6,1884.3,1883.8,1884.0,1212.6,1211.9,1211.7,8364.1,8363.3,8363.6,1621.2,1621.4,1622.0,4679.2,4678.8,118315.2,118341.5,17603.0,17602.5,17598.9,2962.7,2959.8,2958.1,1422.4,1422.3,1422.3,2422.3,2422.1,2422.6,15635.3,15635.8,23290.3,23294.6,3920.7,3919.9,3919.3,2319.1,2318.0,2317.7,5249.1,5247.2,5246.8,2550.7,2550.3,2550.9,83848.3,83848.0,5668.5,5669.4,1662.7,1661.5,1661.8,4542.0,4542.2,4543.2,1383.2,1382.5,1382.6,1689.8,1689.5,1689.3,4770.5,4769.2,47.259998,24.709999,Starbucks_Dark_Coffee_Cold
26896.4,26894.0,1884.1,1883.7,1884.1,1212.2,1211.5,1211.7,8363.7,8363.3,8364.0,1621.9,1621.2,1622.0,4678.5,4677.9,118226.2,118181.5,17605.5,17596.9,17591.4,2961.3,2958.7,2957.1,1422.5,1422.4,1422.4,2422.5,2422.2,2423.4,15632.9,15637.8,23307.4,23299.1,3919.8,3919.2,3919.5,2319.2,2318.5,2318.1,5246.4,5244.2,5244.6,2551.6,2550.9,2551.7,83812.5,83815.7,5669.5,5669.1,1663.3,1662.2,1662.3,4542.7,4541.7,4542.7,1383.6,1382.6,1383.0,1690.4,1689.7,1690.0,4771.5,4771.4,48.09,24.709999,Starbucks_Dark_Coffee_Cold
26918.5,26915.0,1884.6,1884.2,1884.3,1212.9,1212.3,1212.2,8365.3,8364.2,8364.8,1622.1,1622.6,1623.4,4677.8,4677.8,118286.6,118272.9,17587.9,17587.6,17577.7,2960.9,2957.8,2956.6,1422.9,1422.8,1422.9,2422.6,2422.9,2423.9,15642.1,15643.8,23294.1,23286.6,3920.2,3919.9,3920.9,2319.5,2319.0,2318.8,5248.1,5245.2,5245.4,2552.5,2552.3,2552.6,83826.6,83835.5,5669.5,5669.1,1664.5,1663.5,1663.6,4543.0,4542.6,4543.3,1383.7,1383.0,1383.3,1689.9,1689.5,1690.0,4770.8,4771.1,48.43,24.74,Starbucks_Dark_Coffee_Cold
26919.5,26922.8,1884.7,1884.4,1884.8,1214.1,1213.8,1213.8,8366.3,8365.7,8366.5,1624.7,1624.8,1625.3,4677.5,4677.5,118223.1,118228.8,17593.7,17587.0,17577.1,2961.3,2958.5,2956.5,1424.3,1424.1,1424.1,2423.9,2424.1,2424.3,15642.8,15641.3,23314.1,23322.2,3926.7,3928.4,3928.0,2321.4,2320.4,2320.6,5257.6,5256.5,5256.1,2558.6,2558.8,2558.7,83886.2,83852.7,5670.6,5669.1,1666.4,1665.3,1665.5,4545.1,4544.7,4545.8,1384.0,1383.3,1383.3,1691.1,1690.8,1691.6,4771.7,4772.3,48.299999,24.74,Starbucks_Dark_Coffee_Cold
26932.7,26927.4,1885.8,1885.5,1885.5,1215.6,1215.0,1214.9,8367.8,8368.0,8367.7,1625.0,1625.5,1626.3,4677.6,4677.4,118252.5,118302.1,17591.8,17579.1,17574.9,2960.5,2957.8,2956.1,1424.2,1424.1,1424.1,2423.7,2423.6,2424.1,15639.1,15640.4,23305.9,23307.2,3928.9,3928.7,3929.0,2321.2,2320.7,2320.4,5253.6,5252.9,5252.0,2558.8,2558.6,2559.2,83847.9,83901.5,5668.4,5668.4,1667.4,1666.3,1666.3,4544.6,4545.2,4544.7,1384.6,1384.0,1383.9,1691.0,1690.8,1691.1,4774.0,4773.3,47.77,24.75,Starbucks_Dark_Coffee_Cold
26930.1,26930.8,1885.5,1884.8,1885.2,1216.1,1215.4,1215.7,8366.2,8367.4,8368.7,1625.4,1625.6,1626.5,4676.7,4676.8,118171.8,118215.7,17582.7,17580.7,17574.6,2961.1,2957.6,2955.9,1425.1,1424.8,1424.7,2424.0,2424.2,2424.4,15649.9,15649.0,23324.0,23323.1,3931.9,3932.1,3932.4,2321.3,2320.5,2321.1,5255.0,5253.9,5252.9,2561.4,2560.8,2561.0,83873.6,83878.9,5666.6,5666.8,1668.8,1667.3,1667.3,4544.9,4544.7,4544.8,1384.9,1384.0,1384.3,1691.3,1691.0,1691.6,4771.6,4770.4,47.290001,24.780001,Starbucks_Dark_Coffee_Cold
26938.9,26942.7,1885.9,1885.2,1885.5,1216.3,1215.7,1215.8,8367.7,8366.9,8366.8,1624.4,1624.1,1624.8,4675.6,4675.3,118095.5,118130.8,17586.0,17588.7,17587.8,2962.5,2959.0,2957.1,1424.6,1424.5,1424.6,2424.3,2423.8,2423.8,15643.1,15645.1,23332.6,23335.3,3926.8,3927.0,3926.3,2321.2,2320.5,2320.9,5246.2,5244.9,5243.3,2556.7,2556.4,2556.5,83835.8,83837.2,5665.0,5665.2,1666.7,1665.8,1666.1,4545.0,4544.4,4544.8,1384.7,1384.1,1384.2,1691.0,1690.4,1691.3,4770.7,4772.0,46.939999,24.780001,Starbucks_Dark_Coffee_Cold
26938.0,26928.9,1885.2,1884.9,1885.0,1215.7,1215.0,1215.0,8367.3,8366.5,8366.4,1624.8,1624.5,1625.3,4674.1,4673.8,118116.7,118117.6,17598.8,17589.9,17581.6,2961.7,2959.0,2956.9,1424.5,1424.3,1424.3,2424.0,2423.7,2423.6,15650.0,15650.6,23299.7,23294.7,3922.8,3922.7,3923.3,2320.9,2319.8,2319.9,5245.0,5242.0,5241.7,2554.2,2553.4,2553.9,83809.2,83776.5,5664.6,5663.6,1666.2,1665.2,1665.2,4543.5,4543.7,4544.0,1384.1,1383.3,1383.7,1691.2,1690.7,1691.6,4770.7,4770.1,47.169998,24.780001,Starbucks_Dark_Coffee_Cold
26923.7,26927.7,1885.5,1885.0,1885.1,1216.0,1215.4,1215.5,8366.0,8365.4,8365.6,1624.6,1624.6,1624.8,4673.2,4673.1,118109.9,118147.3,17600.3,17594.1,17581.9,2962.0,2959.2,2957.7,1425.3,1424.9,1425.1,2423.3,2423.3,2423.2,15641.0,15641.4,23294.9,23295.1,3927.3,3927.9,3928.2,2321.0,2320.1,2320.1,5244.6,5245.0,5244.1,2556.4,2556.0,2556.7,83828.8,83855.9,5666.0,5665.9,1667.0,1666.0,1665.9,4543.0,4543.4,4543.6,1384.5,1384.1,1383.7,1692.2,1691.7,1691.7,4773.7,4773.8,47.5,24.790001,Starbucks_Dark_Coffee_Cold
26933.5,26935.4,1884.6,1884.3,1884.3,1216.3,1215.6,1215.6,8363.4,8362.6,8363.9,1623.8,1623.6,1624.3,4671.8,4671.7,118010.4,118006.8,17591.3,17588.2,17586.9,2961.6,2958.9,2957.1,1425.2,1425.0,1425.2,2423.5,2423.5,2423.5,15649.1,15647.8,23287.9,23301.7,3929.1,3929.3,3929.9,2321.3,2319.9,2320.2,5244.8,5243.2,5241.4,2556.5,2556.7,2557.0,83855.4,83830.7,5663.1,5664.6,1667.4,1666.5,1666.1,4542.1,4542.8,4542.9,1384.4,1384.0,1383.8,1691.3,1691.0,1692.0,4774.6,4774.8,47.290001,24.790001,Starbucks_Dark_Coffee_Cold
26937.6,26941.7,1885.3,1884.9,1885.0,1216.6,1216.2,1216.2,8363.5,8362.9,8363.6,1625.1,1625.0,1625.9,4671.9,4671.6,118069.1,118154.0,17579.6,17572.5,17574.1,2961.4,2959.0,2957.0,1425.7,1425.6,1425.7,2423.5,2422.8,2423.6,15642.2,15641.8,23291.4,23294.1,3932.0,3931.6,3932.2,2322.1,2320.8,2320.8,5245.7,5245.7,5245.4,2559.2,2558.9,2558.8,83782.5,83800.0,5663.1,5663.6,1667.8,1666.8,1666.8,4541.0,4541.3,4542.4,1384.5,1383.7,1384.0,1692.1,1692.2,1692.1,4774.2,4773.1,47.259998,24.809999,Starbucks_Dark_Coffee_Cold
26932.5,26934.2,1885.8,1885.4,1885.3,1217.4,1217.1,1217.0,8363.6,8363.3,8363.7,1625.3,1625.4,1625.6,4671.4,4670.6,118013.3,118001.5,17592.9,17588.4,17580.4,2961.6,2958.7,2956.7,1426.1,1426.0,1426.1,2423.8,2423.4,2424.0,15646.2,15642.7,23301.7,23299.0,3934.1,3932.9,3934.0,2321.9,2320.8,2321.1,5243.1,5242.1,5240.7,2559.6,2559.0,2559.2,83778.6,83759.6,5664.7,5664.5,1668.4,1667.4,1667.2,4543.0,4542.8,4543.2,1385.0,1384.5,1384.5,1692.3,1692.2,1692.8,4774.2,4773.8,46.860001,24.82,Starbucks_Dark_Coffee_Cold
26954.0,26948.5,1885.1,1884.7,1885.1,1218.1,1217.4,1217.4,8365.1,8366.2,8364.8,1625.7,1625.8,1626.4,4670.7,4670.8,118002.4,117939.7,17584.4,17591.0,17578.3,2962.2,2958.8,2956.9,1426.8,1426.6,1426.6,2425.0,2424.9,2425.0,15642.4,15643.5,23296.4,23293.8,3935.8,3935.2,3935.9,2322.7,2321.6,2322.0,5244.8,5244.7,5243.7,2560.6,2560.7,2561.0,83743.9,83795.8,5663.6,5663.6,1669.9,1668.6,1668.5,4542.6,4543.5,4543.8,1385.7,1385.1,1385.5,1692.8,1692.4,1693.0,4775.2,4775.7,46.57,24.82,Starbucks_Dark_Coffee_Cold
26945.6,26943.0,1885.7,1885.5,1885.6,1218.8,1218.3,1218.4,8365.8,8365.5,8365.7,1626.3,1626.5,1626.7,4670.2,4669.9,118010.5,117950.6,17598.6,17587.9,17580.2,2962.0,2958.6,2957.4,1427.7,1427.4,1427.5,2425.0,2425.0,2426.0,15645.1,15644.3,23282.4,23283.5,3938.9,3938.8,3938.8,2323.3,2322.5,2322.7,5248.3,5246.7,5245.8,2563.4,2563.2,2563.4,83810.2,83860.2,5663.2,5663.1,1670.5,1669.5,1669.3,4543.2,4543.0,4543.5,1385.7,1385.1,1385.7,1693.2,1692.7,1693.5,4775.7,4774.5,46.43,24.85,Starbucks_Dark_Coffee_Cold
26954.5,26954.5,1886.2,1885.8,1886.0,1219.6,1219.3,1219.4,8366.0,8365.9,8365.9,1627.1,1626.9,1627.9,4669.9,4669.5,117980.5,117973.7,17588.8,17585.1,17582.5,2961.4,2958.5,2956.6,1428.3,1428.1,1428.3,2426.0,2425.8,2426.1,15646.2,15646.9,23309.2,23296.0,3943.9,3943.5,3944.0,2323.7,2322.9,2323.4,5252.7,5250.7,5250.4,2565.5,2565.2,2566.2,83848.4,83846.9,5663.2,5661.7,1672.2,1671.4,1671.2,4544.3,4543.9,4545.3,1386.4,1385.7,1385.7,1693.7,1693.4,1694.1,4776.2,4776.4,46.16,24.860001,Starbucks_Dark_Coffee_Cold
26974.0,26971.3,1886.6,1886.1,1886.3,1220.8,1220.3,1220.4,8366.8,8366.5,8366.5,1627.8,1627.7,1629.0,4669.8,4669.6,117973.4,118045.9,17607.6,17599.4,17598.4,2960.9,2958.0,2956.4,1428.9,1428.8,1428.8,2426.9,2427.0,2427.1,15644.7,15647.0,23311.5,23303.8,3948.1,3948.2,3947.7,2324.8,2323.9,2324.0,5255.3,5254.3,5253.7,2568.7,2568.8,2568.4,83770.7,83812.5,5664.2,5664.0,1673.2,1672.3,1671.7,4544.9,4545.1,4546.2,1386.1,1385.6,1385.5,1693.9,1693.1,1693.5,4775.9,4776.0,45.68,24.879999,Starbucks_Dark_Coffee_Cold
26977.8,26979.4,1887.2,1886.8,1887.0,1221.5,1221.1,1221.2,8366.4,8366.3,8366.6,1629.2,1629.9,1630.0,4669.9,4670.1,118060.7,118101.3,17602.8,17594.3,17589.9,2961.0,2958.4,2956.8,1430.0,1429.7,1429.9,2427.8,2427.8,2427.4,15648.4,15649.5,23335.0,23326.1,3956.0,3956.4,3957.5,2325.5,2324.9,2324.9,5263.4,5262.5,5262.8,2573.9,2573.2,2573.2,83856.6,83825.7,5662.5,5663.1,1674.1,1673.1,1672.7,4545.5,4544.5,4545.3,1386.5,1386.0,1386.2,1693.8,1693.0,1693.1,4774.8,4774.8,45.009998,24.85,Starbucks_Dark_Coffee_Cold
26972.2,26976.6,1887.5,1887.0,1887.3,1222.1,1221.6,1221.5,8365.0,8364.4,8363.4,1628.6,1628.0,1627.8,4668.0,4667.7,117986.9,118009.5,17604.3,17594.0,17583.4,2960.7,2958.2,2956.3,1428.7,1428.6,1428.6,2425.2,2425.7,2425.7,15647.8,15647.8,23298.5,23296.5,3944.6,3944.1,3944.1,2323.0,2321.7,2321.9,5233.7,5233.3,5230.7,2560.5,2560.4,2559.8,83682.8,83700.6,5660.7,5660.7,1669.5,1668.7,1668.8,4539.0,4538.8,4539.4,1385.2,1384.6,1385.0,1693.1,1693.1,1693.7,4773.8,4773.2,44.290001,24.889999,Starbucks_Dark_Coffee_Cold
26956.1,26957.4,1884.6,1884.1,1884.3,1218.2,1217.7,1217.7,8359.9,8359.5,8359.8,1624.2,1624.4,1625.2,4665.1,4665.4,117932.8,117976.3,17597.8,17583.9,17569.7,2962.1,2959.1,2957.9,1427.7,1427.5,1427.7,2424.5,2424.2,2424.7,15645.1,15646.8,23291.1,23295.1,3937.5,3938.2,3937.0,2323.1,2321.8,2321.9,5229.6,5228.5,5227.9,2554.3,2554.0,2554.8,83692.8,83718.1,5658.0,5656.8,1668.0,1667.1,1667.2,4538.0,4539.0,4539.6,1385.5,1384.6,1384.9,1692.6,1692.6,1692.6,4773.0,4773.5,44.700001,24.889999,Starbucks_Dark_Coffee_Cold
26968.8,26964.7,1885.9,1885.5,1885.5,1218.3,1217.7,1217.8,8358.7,8359.4,8359.1,1624.0,1624.2,1624.8,4665.1,4664.6,117813.1,117925.8,17605.3,17593.5,17591.3,2960.8,2957.5,2955.7,1427.5,1427.4,1427.4,2423.9,2424.2,2424.0,15647.4,15643.0,23292.1,23293.1,3934.8,3933.4,3934.4,2322.0,2321.7,2321.6,5227.3,5224.9,5225.8,2551.8,2550.9,2552.1,83713.6,83671.3,5655.7,5655.4,1666.5,1665.5,1665.5,4536.3,4536.0,4536.1,1384.4,1383.8,1384.0,1691.8,1691.6,1692.1,4773.8,4771.6,46.049999,24.940001,Starbucks_Dark_Coffee_Cold
26956.6,26955.7,1885.1,1884.5,1884.8,1217.5,1217.0,1217.1,8356.6,8356.5,8357.4,1623.5,1623.3,1624.1,4663.3,4663.2,117864.8,117806.7,17586.4,17582.1,17579.8,2959.4,2956.8,2955.3,1427.6,1427.4,1427.5,2424.0,2424.3,2424.3,15645.7,15645.2,23311.5,23319.1,3936.0,3935.5,3935.7,2321.9,2321.1,2321.3,5226.0,5225.2,5225.0,2551.2,2551.5,2551.4,83712.3,83683.5,5653.0,5651.7,1666.7,1665.4,1665.1,4535.4,4535.9,4536.0,1384.4,1383.9,1384.2,1691.4,1690.7,1691.2,4771.0,4771.3,46.439999,24.92,Starbucks_Dark_Coffee_Cold
26962.0,26962.9,1884.7,1884.7,1884.7,1217.3,1216.6,1216.7,8354.1,8353.4,8355.4,1623.4,1623.8,1624.1,4662.4,4662.4,117893.0,117960.4,17588.9,17589.8,17578.8,2959.1,2956.1,2954.0,1427.6,1427.4,1427.3,2424.6,2424.1,2424.9,15644.1,15645.7,23302.3,23291.8,3937.4,3937.5,3938.1,2321.5,2320.5,2320.5,5228.4,5226.9,5225.8,2553.4,2552.7,2552.5,83641.6,83639.3,5651.2,5650.6,1665.8,1664.7,1664.4,4532.7,4532.1,4533.2,1384.4,1383.8,1383.9,1691.5,1690.9,1691.4,4772.0,4771.6,46.759998,24.92,Starbucks_Dark_Coffee_Cold
26961.5,26957.6,1883.6,1883.3,1883.6,1215.9,1215.3,1215.2,8349.8,8349.2,8349.7,1620.6,1620.8,1621.2,4659.7,4659.8,117892.0,117872.6,17582.8,17570.3,17561.8,2958.5,2955.6,2954.2,1426.8,1426.7,1426.7,2423.6,2423.8,2424.0,15644.2,15641.3,23276.7,23291.8,3933.2,3933.7,3934.3,2320.8,2319.6,2319.8,5217.5,5217.2,5216.7,2549.1,2549.2,2549.0,83640.0,83616.6,5649.0,5648.1,1663.7,1662.2,1662.0,4531.3,4530.8,4530.5,1383.6,1382.7,1382.8,1690.3,1689.6,1690.3,4771.4,4770.3,46.77,24.950001,Starbucks_Dark_Coffee_Cold
26951.2,26956.1,1882.2,1881.9,1882.3,1214.2,1213.6,1213.4,8344.5,8344.0,8344.8,1617.9,1618.6,1619.2,4656.9,4656.6,117860.4,117871.8,17563.2,17548.0,17554.9,2957.5,2954.9,2954.1,1424.6,1424.4,1424.5,2421.7,2421.6,2422.5,15645.6,15641.6,23290.8,23285.2,3920.9,3921.0,3921.2,2318.7,2317.4,2317.6,5200.0,5197.6,5197.9,2538.9,2538.4,2539.2,83505.3,83514.3,5644.6,5644.5,1659.8,1658.6,1658.9,4525.8,4525.3,4525.9,1382.8,1382.5,1382.3,1689.3,1689.5,1689.5,4771.5,4772.2,47.130001,24.950001,Starbucks_Dark_Coffee_Cold
26950.9,26947.8,1882.2,1881.8,1881.8,1213.2,1212.7,1212.4,8342.3,8340.8,8341.2,1617.0,1617.1,1617.6,4655.2,4654.6,117795.8,117817.3,17561.0,17553.5,17542.6,2957.7,2955.0,2953.2,1424.0,1423.7,1423.8,2421.3,2421.1,2422.0,15639.9,15639.1,23270.4,23268.5,3917.1,3916.9,3917.0,2317.7,2316.6,2317.0,5196.6,5194.4,5195.2,2535.5,2535.4,2535.5,83515.1,83463.1,5641.3,5641.7,1658.5,1657.3,1657.3,4525.1,4523.9,4524.8,1382.6,1381.8,1381.7,1688.2,1688.2,1688.7,4769.2,4768.0,47.990002,24.98,Starbucks_Dark_Coffee_Cold
26950.6,26945.4,1882.0,1881.3,1881.8,1212.4,1211.9,1211.9,8340.6,8340.2,8341.4,1616.7,1616.4,1617.0,4653.4,4653.4,117674.8,117628.8,17555.8,17541.4,17537.8,2956.4,2953.7,2951.9,1423.4,1423.4,1423.5,2420.0,2420.1,2421.0,15638.1,15641.4,23263.5,23278.2,3915.1,3915.1,3915.2,2316.6,2315.6,2315.6,5190.6,5190.1,5190.8,2533.8,2533.7,2533.8,83455.3,83455.2,5639.1,5639.8,1657.3,1656.1,1656.2,4522.0,4522.4,4521.9,1381.7,1380.8,1380.8,1687.8,1688.0,1688.2,4769.9,4770.0,48.580002,24.99,Starbucks_Dark_Coffee_Cold
26945.7,26947.8,1880.7,1880.6,1880.9,1211.7,1211.1,1211.0,8334.9,8334.9,8334.9,1615.2,1615.5,1615.9,4651.4,4651.4,117706.8,117794.5,17555.8,17538.9,17528.6,2955.5,2952.3,2951.3,1424.2,1423.9,1423.8,2421.2,2420.8,2421.1,15643.3,15640.8,23293.5,23298.0,3916.2,3916.3,3916.1,2316.4,2315.7,2316.0,5187.9,5185.5,5185.4,2534.0,2533.5,2533.6,83474.4,83441.8,5636.6,5638.1,1656.4,1655.6,1655.2,4521.0,4521.6,4521.4,1381.6,1381.4,1381.3,1687.9,1687.7,1688.7,4767.4,4766.8,48.849998,24.98,Starbucks_Dark_Coffee_Cold
26933.8,26942.2,1879.9,1879.5,1879.7,1210.5,1210.0,1210.0,8331.1,8331.3,8330.6,1613.3,1613.8,1614.2,4649.6,4649.2,117723.0,117679.3,17533.0,17520.8,17527.9,2954.5,2951.3,2950.4,1422.6,1422.5,1422.5,2419.6,2419.2,2419.3,15640.8,15638.7,23272.6,23278.2,3907.1,3907.3,3907.5,2314.9,2314.2,2314.4,5172.2,5170.5,5168.8,2527.1,2526.7,2526.9,83378.4,83358.7,5631.9,5635.0,1653.7,1652.6,1652.3,4516.3,4516.1,4517.2,1380.7,1379.9,1380.5,1687.7,1687.1,1687.9,4766.6,4766.0,48.849998,25.02,Starbucks_Dark_Coffee_Cold
26937.8,26939.6,1879.3,1878.7,1878.9,1209.4,1208.9,1208.8,8328.9,8329.2,8328.9,1613.0,1612.8,1613.7,4647.1,4647.2,117686.9,117707.0,17539.1,17538.2,17533.6,2954.7,2951.5,2949.8,1422.3,1421.9,1422.0,2419.5,2419.4,2419.6,15640.4,15639.8,23283.5,23290.3,3906.7,3906.8,3906.6,2314.8,2313.8,2313.9,5174.1,5171.0,5169.7,2526.6,2526.4,2527.0,83354.9,83381.2,5631.3,5630.5,1653.6,1652.5,1652.3,4515.5,4515.5,4515.6,1380.3,1380.1,1380.4,1687.3,1686.8,1687.6,4763.5,4763.7,49.130001,25.02,Starbucks_Dark_Coffee_Cold
26944.5,26943.1,1878.3,1877.9,1878.1,1209.1,1208.5,1208.4,8327.4,8327.8,8327.4,1612.6,1613.1,1613.7,4645.9,4645.8,117535.9,117530.4,17536.1,17529.4,17523.2,2954.0,2950.6,2949.5,1421.5,1421.3,1421.4,2417.5,2417.3,2418.4,15636.3,15634.6,23268.6,23271.6,3898.6,3898.5,3899.5,2313.5,2312.3,2312.4,5165.0,5164.4,5164.9,2524.3,2524.2,2524.9,83374.0,83371.5,5629.8,5631.0,1654.7,1653.4,1653.4,4514.8,4514.6,4516.2,1380.4,1379.8,1379.8,1687.5,1687.3,1687.8,4765.8,4765.2,49.509998,25.040001,Starbucks_Dark_Coffee_Cold
26971.0,26970.5,1878.9,1878.3,1878.3,1209.7,1209.3,1209.2,8325.6,8324.8,8325.0,1613.3,1613.7,1614.6,4644.8,4644.7,117732.9,117721.6,17530.2,17519.2,17510.3,2953.0,2950.4,2948.5,1422.5,1422.3,1422.3,2419.6,2419.5,2419.5,15639.5,15641.2,23268.8,23280.4,3906.6,3906.7,3906.8,2314.1,2313.2,2312.8,5169.2,5167.4,5165.7,2528.2,2528.4,2528.8,83361.2,83368.8,5627.9,5627.5,1653.9,1653.1,1653.2,4514.0,4514.2,4514.5,1380.0,1379.2,1379.0,1686.7,1687.4,1687.5,4764.0,4764.8,49.529999,25.049999,Starbucks_Dark_Coffee_Cold
26958.4,26968.3,1878.5,1878.1,1878.1,1209.3,1208.8,1208.7,8320.9,8321.9,8321.2,1612.8,1613.0,1613.9,4644.2,4643.5,117512.2,117506.9,17533.5,17522.6,17517.5,2953.6,2949.9,2948.5,1422.5,1422.3,1422.2,2418.5,2418.0,2418.2,15637.9,15638.4,23261.5,23259.2,3905.6,3906.1,3905.7,2313.2,2312.4,2312.7,5164.1,5161.1,5159.6,2528.2,2528.0,2528.2,83330.4,83371.2,5625.8,5625.9,1653.4,1652.2,1652.2,4511.4,4511.2,4511.7,1380.0,1379.2,1379.0,1687.6,1687.6,1688.2,4763.9,4764.0,49.139999,25.040001,Starbucks_Dark_Coffee_Cold
26961.7,26959.6,1877.8,1877.4,1877.5,1208.6,1207.9,1207.9,8316.9,8317.2,8317.7,1610.5,1610.9,1611.1,4640.8,4640.7,117570.1,117624.2,17526.1,17515.8,17513.7,2952.3,2949.7,2947.8,1421.4,1421.2,1421.2,2417.1,2416.8,2416.9,15637.0,15636.3,23245.4,23252.7,3898.5,3898.0,3898.9,2312.0,2311.2,2311.4,5150.4,5148.4,5147.2,2522.0,2521.6,2522.0,83299.2,83287.5,5622.8,5622.9,1650.8,1649.7,1649.5,4507.6,4507.6,4508.0,1378.8,1378.5,1378.5,1686.2,1685.9,1686.8,4762.7,4762.6,48.810001,25.049999,Starbucks_Dark_Coffee_Cold
26950.1,26949.8,1876.7,1876.2,1876.2,1207.2,1206.6,1206.6,8315.0,8314.9,8315.3,1608.9,1609.3,1609.7,4638.7,4638.4,117576.2,117657.4,17509.8,17507.5,17503.1,2952.4,2949.5,2947.9,1421.4,1421.3,1421.3,2417.6,2417.2,2417.4,15642.5,15639.4,23265.3,23252.9,3902.0,3901.3,3902.2,2312.3,2311.5,2311.5,5153.6,5154.3,5152.5,2525.1,2525.1,2525.3,83351.9,83371.3,5621.9,5620.5,1651.9,1650.8,1651.0,4508.1,4507.7,4508.2,1379.1,1378.4,1378.4,1687.6,1686.5,1686.7,4760.2,4760.2,49.099998,25.110001,Starbucks_Dark_Coffee_Cold
26966.6,26960.4,1877.4,1877.0,1877.3,1208.4,1207.6,1207.7,8314.0,8314.3,8313.5,1611.0,1610.4,1611.1,4638.2,4637.9,117563.6,117554.3,17502.8,17497.5,17500.6,2951.3,2948.3,2946.8,1422.0,1421.9,1421.8,2417.5,2418.5,2418.9,15635.2,15637.5,23271.8,23269.0,3907.9,3907.5,3908.4,2312.2,2311.0,2311.4,5158.0,5157.4,5158.6,2530.2,2530.1,2530.4,83350.5,83335.1,5621.0,5621.4,1654.6,1653.8,1653.7,4509.1,4510.5,4511.3,1379.9,1379.1,1379.1,1687.5,1687.5,1688.1,4760.8,4759.6,49.220001,25.110001,Starbucks_Dark_Coffee_Cold
26962.1,26969.0,1878.1,1877.8,1877.9,1210.1,1209.6,1209.6,8311.8,8311.1,8311.1,1612.1,1612.5,1612.9,4637.7,4637.7,117390.6,117471.9,17487.2,17475.1,17465.2,2950.3,2947.7,2946.1,1423.2,1423.0,1423.1,2418.1,2418.5,2418.8,15638.2,15639.1,23263.7,23269.2,3919.1,3919.0,3919.5,2313.7,2312.7,2312.9,5167.5,5167.3,5165.3,2538.0,2538.1,2538.3,83336.2,83330.0,5622.7,5621.6,1657.2,1656.4,1656.2,4508.9,4508.4,4510.2,1380.0,1379.3,1379.4,1687.6,1687.4,1688.0,4761.6,4760.3,48.450001,25.09,Starbucks_Dark_Coffee_Cold
26864.1,26869.7,1864.8,1864.5,1865.0,1200.0,1199.7,1199.6,8226.4,8225.4,8225.2,1594.8,1594.3,1595.1,4594.2,4594.1,117051.3,117000.4,17368.6,17378.1,17364.2,2936.7,2934.0,2932.2,1410.1,1410.0,1410.0,2407.5,2406.8,2407.8,15610.2,15606.0,23142.0,23149.2,3892.6,3893.4,3893.4,2302.6,2301.8,2301.7,5058.8,5057.2,5056.6,2512.5,2511.5,2511.9,82599.8,82608.7,5565.4,5564.5,1646.5,1645.4,1645.2,4455.5,4455.4,4457.3,1372.2,1371.5,1371.5,1685.0,1684.2,1685.1,4749.1,4748.4,45.52,25.4,Starbucks_Dark_Coffee_Cold
26874.4,26873.7,1865.1,1864.7,1864.9,1200.5,1200.1,1200.1,8225.8,8224.5,8224.9,1595.9,1596.2,1596.9,4593.3,4593.2,117009.0,117090.2,17389.3,17381.9,17375.7,2937.2,2934.0,2932.4,1411.2,1411.0,1411.0,2408.4,2408.0,2408.2,15616.7,15615.5,23150.3,23144.1,3896.7,3897.4,3898.0,2302.9,2301.8,2302.5,5060.5,5058.8,5058.7,2514.3,2514.7,2514.9,82607.5,82611.4,5565.5,5564.7,1647.5,1646.1,1646.2,4454.3,4454.2,4454.4,1371.5,1371.5,1371.3,1685.1,1684.8,1685.1,4748.2,4748.1,46.150002,25.4,Starbucks_Dark_Coffee_Cold
26861.7,26862.8,1864.9,1864.6,1864.6,1201.0,1200.6,1200.6,8223.2,8223.1,8223.1,1594.3,1594.7,1595.5,4592.4,4592.0,117087.0,116946.5,17377.3,17371.9,17363.3,2936.4,2933.7,2932.0,1411.4,1411.2,1411.2,2408.6,2408.7,2409.0,15612.5,15611.4,23148.8,23138.1,3897.8,3897.8,3897.5,2302.6,2301.6,2301.9,5057.8,5055.4,5055.5,2514.4,2514.2,2514.5,82568.8,82571.1,5563.3,5561.8,1646.1,1645.1,1644.9,4452.1,4451.4,4452.2,1371.5,1371.1,1370.9,1684.0,1683.3,1684.0,4746.3,4746.0,45.98,25.43,Starbucks_Dark_Coffee_Cold
26860.6,26856.1,1864.5,1863.7,1864.2,1200.5,1199.9,1200.0,8221.3,8220.4,8221.9,1594.3,1594.2,1594.7,4590.4,4590.3,116879.1,116852.9,17388.3,17378.0,17370.5,2936.9,2933.8,2931.8,1411.0,1410.7,1410.8,2408.7,2408.3,2409.2,15614.6,15614.5,23137.3,23137.3,3894.0,3893.8,3893.9,2301.9,2301.3,2301.2,5050.4,5050.1,5049.1,2512.1,2511.6,2512.2,82465.2,82524.6,5561.2,5559.1,1646.4,1645.1,1645.0,4451.0,4450.3,4450.3,1370.9,1370.4,1370.7,1683.9,1684.2,1684.1,4744.5,4744.6,45.860001,25.43,Starbucks_Dark_Coffee_Cold
26865.1,26863.2,1863.7,1863.3,1863.7,1200.0,1199.4,1199.5,8218.4,8218.1,8217.8,1592.0,1592.3,1592.8,4588.9,4588.8,117050.5,116986.7,17376.3,17363.9,17363.1,2936.6,2933.9,2932.1,1410.8,1410.5,1410.6,2407.7,2407.1,2407.7,15619.3,15615.5,23124.0,23137.5,3890.1,3890.7,3890.6,2301.6,2300.4,2300.1,5044.8,5042.8,5042.3,2509.0,2508.5,2509.2,82506.3,82533.4,5557.4,5556.5,1644.0,1643.3,1642.9,4448.0,4446.8,4447.1,1370.8,1370.0,1370.4,1683.9,1683.4,1683.8,4745.5,4746.6,45.869999,25.440001,Starbucks_Dark_Coffee_Cold
26864.3,26861.8,1863.6,1863.3,1863.4,1199.6,1198.9,1198.8,8217.0,8216.9,8217.0,1591.5,1591.2,1591.6,4587.0,4586.8,116871.8,116960.7,17381.7,17362.9,17367.9,2936.9,2934.3,2932.5,1410.6,1410.4,1410.4,2407.8,2408.1,2408.1,15612.0,15616.1,23136.6,23127.3,3888.3,3888.5,3887.8,2301.6,2300.5,2301.0,5038.2,5038.0,5036.4,2506.6,2506.4,2506.7,82489.9,82455.5,5557.0,5556.7,1642.4,1641.8,1641.7,4447.2,4447.3,4447.0,1369.7,1369.1,1369.6,1683.7,1682.8,1684.1,4746.0,4745.6,46.240002,25.469999,Starbucks_Dark_Coffee_Cold
26862.2,26864.8,1863.1,1862.5,1862.9,1198.8,1198.3,1198.4,8217.7,8216.6,8216.0,1591.3,1590.9,1591.4,4586.0,4586.0,117003.7,117036.7,17382.6,17367.6,17356.9,2937.1,2934.1,2932.9,1410.6,1410.5,1410.5,2406.8,2406.6,2406.7,15617.4,15615.3,23127.7,23120.1,3885.6,3885.9,3886.4,2301.7,2300.7,2300.7,5038.2,5036.7,5035.6,2505.9,2505.2,2505.7,82499.2,82473.2,5554.1,5554.4,1643.3,1642.0,1642.1,4446.2,4445.1,4445.7,1370.2,1369.3,1369.7,1683.7,1683.7,1683.9,4746.1,4745.7,46.91,25.459999,Starbucks_Dark_Coffee_Cold
26857.9,26852.3,1862.9,1862.6,1863.1,1198.5,1198.0,1198.1,8213.8,8214.0,8214.9,1590.4,1590.4,1590.9,4585.0,4584.5,117072.4,117015.8,17381.2,17372.8,17360.6,2936.5,2932.6,2931.7,1410.7,1410.5,1410.5,2407.1,2407.2,2407.3,15612.8,15612.3,23127.1,23135.9,3886.5,3886.1,3886.5,2301.6,2300.5,2300.5,5038.7,5037.8,5037.5,2505.8,2505.4,2505.7,82449.1,82428.4,5553.7,5552.8,1643.3,1642.6,1642.6,4445.5,4445.8,4446.8,1369.7,1369.1,1369.2,1683.7,1683.4,1683.7,4744.9,4744.5,47.23,25.469999,Starbucks_Dark_Coffee_Cold
26862.6,26858.1,1863.8,1863.2,1863.4,1199.4,1198.8,1198.9,8212.3,8212.3,8212.6,1591.5,1591.3,1592.0,4584.6,4584.5,116995.6,116966.6,17365.6,17359.8,17359.7,2934.8,2932.0,2930.1,1411.2,1411.1,1411.1,2408.2,2408.4,2408.1,15607.4,15604.4,23124.3,23124.6,3888.3,3889.1,3888.9,2301.4,2300.4,2300.5,5036.7,5035.3,5034.6,2507.2,2506.3,2506.9,82442.5,82429.4,5552.6,5550.6,1643.3,1642.6,1642.3,4444.0,4444.0,4443.8,1369.5,1368.6,1368.7,1683.8,1683.2,1684.0,4743.7,4743.7,47.27,25.49,Starbucks_Dark_Coffee_Cold
26856.8,26863.0,1863.2,1862.7,1862.9,1199.4,1198.9,1198.9,8211.4,8210.6,8211.7,1591.0,1591.7,1592.5,4583.0,4582.9,116864.2,116881.4,17370.7,17360.0,17354.7,2935.1,2932.4,2930.8,1411.3,1411.2,1411.3,2408.6,2409.4,2408.8,15614.5,15613.2,23130.7,23128.9,3891.9,3891.1,3891.6,2301.6,2300.8,2300.6,5037.4,5036.0,5037.1,2508.9,2508.2,2509.0,82389.8,82405.5,5551.1,5550.1,1643.2,1642.3,1642.4,4443.5,4443.5,4444.0,1369.6,1368.7,1369.2,1683.1,1682.7,1683.3,4744.5,4743.5,46.73,25.5,Starbucks_Dark_Coffee_Cold
26870.0,26869.7,1863.6,1863.1,1863.3,1199.6,1199.1,1199.2,8209.4,8209.0,8209.0,1590.5,1590.9,1591.3,4582.2,4582.3,116979.6,116988.5,17356.8,17343.7,17347.6,2934.5,2931.5,2930.9,1411.4,1411.2,1411.2,2408.1,2408.2,2408.5,15607.8,15610.0,23123.9,23121.5,3894.4,3894.1,3894.6,2301.9,2301.1,2301.2,5039.0,5037.4,5036.6,2509.7,2509.9,2510.0,82403.6,82412.1,5550.1,5549.9,1642.7,1642.0,1642.1,4442.7,4441.9,4442.2,1369.7,1368.9,1369.2,1682.1,1682.4,1682.7,4744.5,4744.5,46.459999,25.5,Starbucks_Dark_Coffee_Cold
26866.7,26870.4,1862.8,1862.4,1862.4,1199.3,1198.6,1198.8,8207.4,8207.0,8207.5,1589.5,1589.7,1590.2,4580.9,4580.7,116954.2,117072.0,17372.0,17364.1,17349.8,2934.7,2932.0,2929.9,1411.4,1411.2,1411.3,2407.3,2407.4,2407.1,15611.5,15612.9,23133.1,23126.0,3892.0,3892.3,3891.8,2301.1,2300.3,2300.4,5030.6,5029.7,5029.1,2507.8,2507.1,2507.7,82320.2,82336.1,5547.1,5547.1,1642.8,1641.3,1641.2,4440.0,4439.2,4440.1,1369.0,1368.4,1368.2,1682.1,1682.1,1682.5,4745.0,4745.1,46.110001,25.51,Starbucks_Dark_Coffee_Cold
26869.3,26872.8,1863.0,1862.7,1862.8,1198.9,1198.4,1198.5,8206.7,8206.8,8207.4,1590.0,1590.5,1590.8,4580.4,4580.1,116901.9,116894.2,17361.5,17349.5,17348.1,2934.3,2931.2,2929.6,1411.5,1411.6,1411.7,2407.4,2407.5,2407.5,15608.8,15609.9,23135.3,23144.4,3896.7,3896.0,3896.8,2301.7,2300.7,2301.0,5035.3,5033.9,5032.9,2510.4,2510.3,2510.6,82402.5,82427.0,5547.0,5547.5,1643.0,1642.0,1642.2,4440.4,4440.7,4440.5,1369.1,1368.4,1368.4,1682.4,1682.4,1682.5,4745.3,4743.7,46.16,25.51,Starbucks_Dark_Coffee_Cold
26868.1,26869.3,1863.6,1863.5,1863.5,1199.4,1199.0,1199.0,8205.3,8204.8,8206.4,1589.7,1589.8,1589.9,4579.3,4579.2,117011.1,117003.7,17360.2,17356.5,17353.2,2932.8,2930.4,2928.9,1412.0,1411.7,1412.0,2407.2,2407.2,2407.8,15612.7,15611.0,23128.9,23134.0,3898.1,3897.6,3897.9,2301.1,2300.6,2300.7,5033.5,5030.5,5031.0,2510.1,2509.7,2509.7,82334.6,82342.9,5545.8,5545.9,1642.8,1641.6,1641.8,4438.5,4438.6,4438.5,1368.6,1368.1,1368.4,1681.9,1682.0,1681.7,4744.6,4743.7,45.779999,25.540001,Starbucks_Dark_Coffee_Cold
26861.0,26861.3,1862.0,1861.5,1861.8,1198.3,1197.9,1197.6,8200.9,8201.7,8201.8,1588.4,1588.0,1588.6,4577.8,4577.7,116835.2,116839.5,17350.3,17335.8,17343.3,2933.6,2930.9,2929.3,1411.7,1411.7,1411.7,2407.1,2407.2,2408.3,15612.0,15612.0,23143.6,23131.8,3894.3,3894.5,3895.2,2301.4,2300.7,2300.7,5028.7,5027.0,5026.6,2506.9,2506.4,2506.7,82332.4,82345.7,5544.9,5544.7,1641.6,1640.6,1640.7,4437.4,4437.6,4438.6,1368.7,1368.1,1368.0,1681.5,1681.7,1682.5,4742.8,4743.2,45.439999,25.540001,Starbucks_Dark_Coffee_Cold
26855.4,26861.6,1862.0,1861.9,1862.2,1198.0,1197.4,1197.3,8200.6,8200.8,8200.9,1588.1,1588.2,1588.8,4576.7,4576.6,116931.3,116898.3,17342.0,17339.3,17346.3,2932.5,2930.4,2927.9,1411.6,1411.4,1411.4,2406.0,2406.0,2406.5,15616.5,15615.4,23119.7,23120.0,3890.8,3891.2,3891.8,2300.7,2299.7,2300.1,5024.4,5022.3,5022.4,2504.5,2504.4,2504.7,82321.7,82350.6,5542.5,5541.8,1640.2,1639.6,1639.6,4434.3,4434.5,4435.4,1368.3,1367.8,1367.7,1681.5,1681.8,1681.6,4742.7,4741.7,45.720001,25.559999,Starbucks_Dark_Coffee_Cold
26861.3,26863.1,1861.1,1860.7,1861.3,1196.8,1196.2,1196.2,8196.6,8196.2,8196.7,1586.5,1586.8,1587.4,4575.2,4575.4,116988.7,116921.2,17352.7,17343.1,17338.8,2932.7,2929.7,2927.9,1411.3,1411.2,1411.2,2406.6,2406.5,2406.7,15607.6,15609.7,23102.7,23120.8,3890.0,3890.7,3891.2,2300.4,2299.4,2299.5,5026.1,5026.3,5025.0,2504.3,2503.8,2504.4,82351.1,82321.9,5539.3,5540.4,1640.2,1639.0,1639.1,4433.8,4434.1,4434.3,1368.0,1367.4,1367.6,1681.6,1680.8,1681.4,4741.6,4740.6,45.98,25.559999,Starbucks_Dark_Coffee_Cold
26858.6,26855.9,1861.2,1860.7,1861.0,1196.6,1196.0,1195.9,8194.6,8195.1,8193.7,1586.6,1586.9,1587.6,4573.9,4573.9,117004.5,117027.4,17333.6,17334.2,17329.5,2932.6,2929.3,2927.6,1411.1,1411.0,1410.9,2406.3,2405.8,2406.1,15607.2,15607.7,23108.8,23110.4,3888.4,3889.2,3889.6,2299.2,2298.7,2298.8,5019.2,5017.3,5016.6,2501.3,2500.9,2500.7,82248.9,82281.1,5537.0,5537.6,1638.7,1637.6,1637.5,4431.2,4431.7,4431.7,1367.5,1367.0,1367.0,1681.2,1680.7,1680.8,4741.0,4742.3,46.240002,25.57,Starbucks_Dark_Coffee_Cold
26698.0,26701.3,1848.0,1847.5,1848.0,1183.7,1183.1,1183.2,8081.1,8081.0,8081.1,1566.5,1566.9,1567.5,4527.4,4527.2,116109.1,116108.7,17122.0,17122.7,17119.1,2904.3,2901.0,2899.2,1395.5,1395.3,1395.3,2391.6,2391.6,2392.1,15534.6,15537.8,22950.6,22963.8,3884.4,3883.9,3884.3,2285.2,2284.1,2284.0,4941.3,4942.0,4941.4,2486.6,2486.8,2486.9,81589.5,81594.7,5476.8,5477.0,1629.0,1628.1,1628.5,4373.4,4372.9,4373.3,1357.3,1356.4,1356.8,1673.1,1672.8,1673.5,4716.6,4714.5,42.639999,25.879999,Starbucks_Dark_Coffee_Cold
26712.1,26713.9,1848.6,1848.2,1848.7,1184.6,1184.3,1184.4,8083.3,8083.0,8083.0,1569.2,1569.4,1569.9,4527.5,4527.8,116135.3,116216.1,17138.1,17129.1,17128.6,2904.0,2901.4,2899.3,1396.2,1395.9,1395.8,2391.1,2391.4,2391.7,15540.1,15539.0,22961.5,22957.1,3883.7,3884.0,3884.0,2285.6,2284.4,2284.6,4934.2,4931.0,4930.3,2483.9,2483.3,2483.7,81559.8,81523.9,5476.4,5475.2,1628.2,1627.2,1627.0,4368.2,4368.0,4368.0,1356.9,1356.4,1356.2,1672.9,1672.6,1673.0,4713.9,4711.5,42.75,25.91,Starbucks_Dark_Coffee_Cold
26692.8,26695.0,1846.9,1846.3,1846.5,1182.7,1182.3,1182.4,8077.2,8077.3,8076.4,1566.2,1565.8,1566.7,4524.4,4524.3,116153.3,116105.3,17137.3,17135.8,17134.2,2904.9,2902.1,2900.7,1394.6,1394.4,1394.5,2389.2,2389.4,2389.1,15538.3,15537.2,22971.0,22967.8,3873.0,3872.4,3872.5,2284.4,2283.3,2283.6,4925.3,4924.5,4924.4,2477.6,2477.4,2477.8,81488.6,81464.2,5472.8,5474.4,1626.3,1625.0,1625.3,4366.9,4366.5,4367.3,1355.8,1355.8,1355.9,1673.4,1673.0,1673.3,4714.6,4715.0,42.59,25.9,Starbucks_Dark_Coffee_Cold
26699.1,26702.0,1846.6,1845.7,1845.9,1182.4,1182.0,1182.0,8076.1,8075.7,8076.1,1566.3,1565.9,1566.2,4523.5,4523.4,116130.7,116007.8,17133.7,17125.3,17119.1,2904.8,2902.1,2900.0,1394.7,1394.3,1394.3,2389.9,2389.4,2390.6,15539.9,15539.9,22948.8,22954.2,3870.0,3869.7,3869.3,2283.9,2282.9,2283.1,4921.0,4918.2,4918.1,2474.7,2474.1,2474.2,81484.5,81463.2,5473.2,5472.8,1625.1,1624.1,1623.9,4364.4,4364.8,4365.1,1355.8,1355.5,1355.5,1672.8,1672.1,1672.9,4715.1,4715.5,43.68,25.92,Starbucks_Dark_Coffee_Cold
26691.1,26690.6,1845.6,1844.8,1845.3,1181.5,1180.9,1180.9,8073.6,8073.1,8072.2,1565.0,1564.8,1565.3,4521.8,4521.8,115984.2,115973.3,17132.8,17126.8,17122.1,2905.3,2902.5,2900.2,1394.0,1393.8,1393.8,2389.4,2389.5,2390.0,15543.1,15536.8,22958.2,22964.8,3867.5,3867.3,3867.1,2284.4,2283.6,2283.7,4919.4,4918.5,4917.6,2474.1,2473.7,2474.0,81499.1,81488.4,5470.1,5469.8,1624.8,1624.2,1624.0,4363.7,4364.2,4364.8,1356.1,1355.6,1355.9,1673.5,1673.4,1673.8,4711.6,4712.3,44.209999,25.92,Starbucks_Dark_Coffee_Cold
26689.2,26694.9,1845.3,1844.5,1844.8,1181.1,1180.4,1180.6,8072.1,8072.3,8072.4,1563.5,1564.1,1564.6,4520.3,4519.9,116062.0,115964.8,17125.7,17127.2,17126.3,2905.1,2902.0,2901.2,1393.9,1393.7,1393.7,2388.9,2388.9,2389.5,15538.9,15539.5,22963.1,22965.2,3866.8,3866.4,3866.4,2284.5,2283.0,2283.3,4916.1,4915.2,4914.9,2473.8,2474.0,2473.5,81445.8,81446.6,5467.9,5468.9,1624.1,1623.4,1623.6,4363.3,4362.7,4363.9,1356.1,1355.3,1355.1,1673.8,1674.0,1673.9,4711.3,4711.0,44.669998,25.940001,Starbucks_Dark_Coffee_Cold
26694.3,26691.2,1845.2,1844.4,1844.9,1181.6,1181.0,1181.1,8071.2,8070.5,8070.9,1564.2,1564.0,1564.3,4519.5,4519.4,116004.0,115926.9,17130.7,17126.1,17117.6,2906.0,2903.2,2901.6,1394.2,1393.9,1394.1,2389.5,2389.8,2390.6,15540.6,15540.3,22965.7,22961.6,3866.8,3866.5,3866.5,2284.1,2283.0,2283.2,4916.5,4915.9,4914.7,2473.0,2472.8,2473.5,81416.6,81389.3,5467.3,5466.9,1624.7,1623.7,1623.4,4361.6,4361.9,4361.8,1355.8,1354.9,1354.8,1673.8,1673.2,1673.5,4711.8,4710.3,44.939999,25.92,Starbucks_Dark_Coffee_Cold
26695.4,26692.4,1845.0,1844.3,1844.5,1181.5,1180.9,1180.9,8069.8,8069.5,8068.6,1563.6,1563.1,1564.1,4518.4,4518.5,115809.7,115861.0,17126.2,17112.5,17109.5,2905.0,2902.3,2901.0,1394.2,1393.9,1393.9,2389.3,2388.4,2389.6,15538.2,15536.4,22982.3,22976.2,3864.8,3864.2,3864.7,2284.2,2283.1,2283.5,4913.3,4912.2,4910.6,2473.3,2473.1,2473.4,81429.7,81445.3,5466.3,5465.4,1624.5,1623.5,1623.4,4361.2,4360.4,4362.2,1355.9,1354.9,1354.9,1673.7,1672.9,1673.8,4709.9,4710.0,44.889999,26.0,Starbucks_Dark_Coffee_Cold
26686.0,26686.7,1844.4,1843.9,1844.1,1181.3,1180.8,1180.8,8068.2,8068.9,8068.6,1563.0,1563.1,1563.6,4517.6,4517.4,115941.6,115915.0,17127.7,17123.2,17120.9,2904.3,2901.5,2900.3,1394.4,1394.3,1394.3,2389.5,2389.3,2390.0,15537.2,15537.8,22971.3,22969.4,3863.7,3863.8,3864.1,2284.5,2283.4,2283.5,4911.1,4910.0,4909.4,2471.9,2472.0,2472.2,81418.2,81435.0,5463.9,5464.4,1623.9,1622.9,1623.0,4359.9,4360.0,4360.2,1355.7,1354.7,1354.9,1673.3,1673.0,1673.0,4710.4,4710.9,44.84,25.969999,Starbucks_Dark_Coffee_Cold
26691.0,26691.4,1844.1,1843.8,1843.7,1181.0,1180.6,1180.7,8066.1,8064.4,8067.0,1563.1,1563.1,1564.0,4516.1,4516.6,115859.8,115882.2,17122.0,17112.3,17105.5,2906.3,2902.8,2901.0,1394.7,1394.5,1394.6,2390.1,2390.3,2390.6,15539.8,15543.1,22952.1,22955.4,3863.6,3863.8,3863.8,2284.8,2283.5,2283.8,4912.0,4908.9,4909.0,2471.1,2471.1,2471.5,81392.0,81407.3,5463.9,5463.7,1623.2,1622.1,1622.0,4358.9,4357.9,4358.9,1355.3,1354.6,1354.8,1673.2,1672.8,1672.8,4710.7,4710.1,44.990002,25.98,Starbucks_Dark_Coffee_Cold
26681.9,26682.5,1844.0,1843.4,1843.8,1180.9,1180.6,1180.6,8066.4,8065.8,8065.8,1562.6,1563.0,1563.4,4514.9,4515.3,115935.6,115922.7,17128.0,17123.9,17116.0,2905.2,2903.1,2901.0,1395.0,1394.7,1394.9,2390.3,2390.5,2390.3,15544.6,15543.1,22948.0,22945.6,3864.3,3864.5,3865.4,2284.9,2283.8,2284.3,4912.0,4911.0,4909.8,2472.1,2471.5,2471.9,81412.2,81400.4,5463.8,5464.0,1623.1,1622.1,1622.0,4356.9,4357.0,4358.5,1355.1,1354.0,1354.0,1673.7,1674.5,1673.7,4711.3,4711.1,45.060001,25.98,Starbucks_Dark_Coffee_Cold
26678.9,26675.0,1845.0,1844.4,1844.6,1181.5,1180.9,1180.9,8064.2,8063.7,8064.2,1563.8,1564.0,1564.4,4514.4,4514.3,115927.6,115873.3,17126.2,17117.4,17115.0,2906.6,2903.1,2902.1,1395.4,1395.4,1395.4,2390.8,2390.7,2391.2,15546.6,15548.7,22957.9,22966.0,3868.3,3868.7,3869.1,2286.3,2285.0,2285.1,4916.5,4914.8,4914.6,2475.8,2475.3,2475.3,81403.5,81435.0,5462.7,5462.6,1625.2,1624.2,1624.4,4358.1,4357.8,4358.9,1355.0,1354.2,1354.2,1674.4,1674.3,1674.6,4709.5,4709.6,45.09,26.0,Starbucks_Dark_Coffee_Cold
26684.5,26688.9,1844.6,1844.4,1844.8,1182.5,1182.1,1182.2,8065.1,8064.4,8064.3,1565.0,1565.0,1565.2,4514.3,4514.4,115877.2,115862.1,17118.2,17117.0,17118.3,2905.7,2903.0,2900.9,1396.3,1396.1,1396.2,2390.9,2391.4,2391.4,15537.6,15537.2,22957.0,22961.9,3872.0,3872.0,3871.8,2286.7,2285.6,2285.7,4918.8,4918.1,4916.9,2477.6,2477.4,2477.9,81465.3,81444.2,5462.5,5462.7,1626.6,1625.5,1625.6,4358.6,4359.3,4359.4,1355.8,1355.1,1355.2,1674.7,1674.2,1674.6,4710.4,4709.7,44.630001,26.01,Starbucks_Dark_Coffee_Cold
26699.2,26698.3,1844.8,1844.2,1844.5,1183.5,1183.1,1183.0,8064.7,8065.1,8064.8,1565.7,1566.2,1566.6,4514.1,4514.1,115904.8,115901.6,17123.6,17118.1,17129.5,2905.7,2903.2,2901.3,1396.6,1396.3,1396.2,2391.0,2391.2,2391.4,15548.7,15546.0,22958.0,22966.6,3874.2,3873.9,3874.4,2287.0,2286.3,2286.3,4920.3,4919.3,4919.1,2479.3,2479.3,2479.7,81440.9,81419.9,5462.0,5461.0,1627.6,1626.6,1626.6,4360.5,4360.3,4360.8,1356.2,1355.4,1355.4,1675.5,1675.1,1675.0,4711.5,4711.5,43.950001,26.040001,Starbucks_Dark_Coffee_Cold
26710.1,26710.6,1844.9,1844.5,1844.8,1183.9,1183.7,1183.9,8064.2,8064.3,8065.8,1566.2,1566.6,1566.7,4513.7,4513.8,115923.9,115999.0,17128.4,17112.0,17112.9,2905.8,2903.3,2901.9,1397.1,1396.9,1396.9,2391.7,2391.4,2392.2,15548.5,15547.9,22955.1,22962.5,3877.3,3876.4,3876.6,2287.3,2286.3,2286.2,4921.5,4920.4,4919.5,2480.7,2480.5,2480.8,81405.4,81448.1,5462.0,5462.9,1628.0,1627.2,1626.8,4358.6,4358.5,4359.6,1356.2,1355.7,1355.6,1675.7,1675.4,1676.0,4711.5,4712.1,43.490002,26.02,Starbucks_Dark_Coffee_Cold
26701.6,26706.1,1845.2,1844.8,1844.9,1184.5,1184.1,1184.2,8064.6,8065.2,8064.6,1566.4,1566.2,1567.3,4513.7,4513.9,115899.4,115917.8,17128.1,17125.7,17115.6,2906.4,2903.4,2901.9,1397.8,1397.7,1397.8,2392.4,2392.7,2392.8,15552.5,15554.1,22987.7,22991.1,3881.6,3881.7,3881.6,2288.1,2287.3,2287.5,4925.3,4924.3,4923.5,2484.1,2484.6,2484.2,81390.0,81427.8,5460.2,5461.3,1629.4,1628.6,1628.7,4360.2,4360.0,4360.8,1356.9,1356.3,1356.3,1675.8,1675.0,1675.2,4710.2,4709.4,43.09,26.049999,Starbucks_Dark_Coffee_Cold
26720.5,26722.0,1845.1,1844.7,1845.0,1185.5,1184.9,1185.0,8065.6,8065.1,8064.6,1567.0,1567.3,1567.8,4513.2,4513.0,115923.0,116012.6,17137.6,17130.5,17118.8,2907.0,2904.5,2902.6,1398.4,1398.3,1398.3,2393.4,2393.2,2393.9,15553.6,15554.4,22984.3,22985.1,3884.3,3883.6,3884.9,2289.0,2288.1,2288.4,4926.4,4925.1,4924.4,2485.1,2485.0,2485.0,81419.4,81438.0,5461.8,5462.7,1630.3,1629.3,1629.3,4359.6,4359.0,4359.6,1356.8,1356.2,1356.4,1675.9,1676.1,1676.2,4712.3,4710.7,42.549999,26.049999,Starbucks_Dark_Coffee_Cold
26617.4,26613.9,1840.7,1840.2,1840.2,1180.6,1180.0,1180.2,8010.1,8008.2,8008.7,1556.5,1557.1,1557.4,4491.7,4492.3,115505.5,115598.1,17028.6,17025.6,17018.9,2890.4,2887.7,2885.9,1390.9,1390.6,1390.7,2386.3,2386.0,2386.0,15507.6,15508.4,22883.9,22887.8,3887.6,3887.6,3887.8,2279.1,2278.1,2278.4,4890.8,4889.1,4889.4,2476.9,2476.1,2476.8,81044.1,81030.1,5434.5,5433.9,1623.3,1622.2,1621.8,4330.0,4329.4,4330.9,1350.4,1349.8,1349.8,1670.0,1669.2,1669.5,4697.6,4695.6,37.59,26.190001,Starbucks_Dark_Coffee_Cold
26607.2,26610.3,1840.6,1840.1,1840.2,1179.5,1179.0,1179.2,8005.5,8004.5,8004.8,1555.9,1556.3,1556.9,4490.1,4489.7,115536.9,115509.7,17014.4,17010.8,17009.5,2890.3,2887.8,2885.8,1390.0,1389.8,1389.8,2384.0,2384.2,2385.1,15512.4,15505.5,22890.6,22890.3,3883.6,3883.5,3883.3,2279.1,2277.9,2277.7,4887.5,4887.0,4885.4,2474.0,2473.7,2473.4,81077.4,81094.9,5429.9,5431.2,1622.4,1621.4,1621.4,4328.5,4327.8,4328.5,1350.3,1349.6,1349.8,1669.6,1669.6,1669.5,4697.5,4697.7,38.66,26.190001,Starbucks_Dark_Coffee_Cold
26605.5,26599.9,1839.9,1839.4,1839.7,1178.8,1178.4,1178.5,8002.3,8001.1,8001.3,1554.3,1554.9,1555.5,4488.9,4488.4,115441.4,115543.1,17017.0,17009.0,17008.6,2889.3,2886.7,2885.0,1389.5,1389.5,1389.6,2383.8,2384.4,2384.8,15510.5,15510.0,22883.7,22877.0,3882.7,3882.7,3883.1,2278.6,2277.5,2277.4,4885.3,4883.2,4882.9,2473.5,2473.0,2473.3,81056.2,81058.7,5431.0,5429.3,1622.4,1621.3,1621.6,4325.8,4326.0,4326.7,1350.2,1349.2,1349.2,1669.4,1669.3,1669.9,4697.2,4696.8,39.330002,26.219999,Starbucks_Dark_Coffee_Cold
26607.0,26602.3,1839.8,1839.5,1839.5,1178.4,1178.0,1178.0,8000.3,7999.9,7999.5,1555.2,1555.1,1555.9,4488.0,4487.3,115445.0,115485.4,17016.8,17011.4,17013.6,2888.7,2886.1,2884.1,1389.4,1389.3,1389.3,2384.5,2384.0,2384.4,15506.4,15504.3,22868.1,22860.0,3882.0,3882.4,3882.1,2278.4,2277.4,2277.3,4884.3,4884.0,4883.8,2473.8,2473.5,2473.5,81081.8,81064.0,5429.8,5429.6,1622.8,1621.7,1622.1,4327.7,4327.3,4327.7,1349.6,1348.9,1349.2,1669.6,1669.5,1669.5,4695.5,4696.0,39.73,26.24,Starbucks_Dark_Coffee_Cold
26611.5,26608.1,1838.8,1838.2,1838.4,1178.4,1178.1,1178.2,7999.0,7999.3,7998.7,1554.6,1554.5,1555.0,4487.0,4487.2,115564.0,115639.0,17011.4,17001.6,17000.8,2888.6,2885.8,2884.7,1389.6,1389.4,1389.5,2384.4,2384.7,2384.8,15507.8,15509.2,22878.9,22879.5,3884.4,3883.6,3884.3,2279.1,2278.5,2278.8,4887.7,4885.9,4885.9,2474.3,2473.6,2474.6,81077.0,81091.3,5429.6,5429.0,1623.4,1622.2,1622.3,4326.8,4326.2,4327.2,1350.1,1349.5,1349.6,1670.4,1670.2,1670.7,4696.1,4694.8,39.93,26.219999,Starbucks_Dark_Coffee_Cold
26609.6,26607.0,1839.4,1839.0,1838.9,1178.4,1178.1,1178.2,7998.3,7998.1,7997.8,1555.5,1555.2,1556.3,4486.6,4486.4,115432.7,115465.6,17007.6,17004.4,16997.4,2888.2,2885.3,2883.6,1389.9,1389.7,1389.8,2383.3,2382.7,2384.2,15503.2,15502.3,22877.9,22874.2,3886.4,3886.1,3886.1,2279.6,2278.5,2278.9,4889.3,4887.9,4887.3,2475.9,2475.0,2475.4,80984.8,80989.5,5427.4,5427.6,1623.1,1621.7,1621.8,4323.8,4323.4,4324.4,1349.9,1349.4,1349.8,1670.6,1670.0,1671.1,4697.7,4696.8,39.889999,26.24,Starbucks_Dark_Coffee_Cold
26616.0,26616.4,1839.0,1838.6,1838.8,1178.5,1178.1,1178.3,7996.1,7996.0,7997.3,1555.1,1554.9,1555.5,4485.8,4485.7,115464.8,115492.0,17009.2,16993.9,16989.7,2888.8,2885.7,2884.3,1389.8,1389.7,1389.8,2384.1,2384.0,2384.2,15502.8,15505.4,22888.8,22882.5,3884.0,3884.9,3885.3,2279.6,2278.6,2278.8,4884.9,4886.2,4885.5,2474.5,2474.8,2474.6,81025.0,81072.1,5427.3,5428.0,1623.8,1622.3,1622.7,4324.9,4324.9,4325.3,1350.5,1349.7,1350.0,1670.0,1670.0,1670.3,4697.9,4698.3,39.869999,26.25,Starbucks_Dark_Coffee_Cold
26620.4,26617.0,1838.6,1838.1,1838.5,1178.5,1178.1,1178.2,7996.6,7996.6,7996.5,1554.7,1554.7,1555.5,4485.5,4485.2,115585.6,115532.3,17005.1,16997.4,16985.1,2888.9,2886.1,2884.5,1389.8,1389.6,1389.7,2383.7,2383.9,2384.2,15508.1,15509.6,22870.2,22870.0,3886.9,3887.1,3887.1,2280.1,2279.5,2279.6,4888.4,4886.6,4886.6,2475.5,2474.9,2475.5,80987.1,81006.7,5424.5,5425.8,1623.7,1622.7,1622.8,4324.8,4323.4,4324.7,1350.4,1349.7,1350.1,1670.6,1670.7,1670.6,4696.3,4696.0,39.91,26.26,Starbucks_Dark_Coffee_Cold
26617.5,26614.1,1838.6,1838.2,1838.7,1178.7,1178.2,1178.4,7995.8,7996.3,7995.4,1555.1,1555.7,1555.8,4484.5,4484.8,115468.4,115395.7,17013.5,17010.1,16999.8,2888.0,2885.6,2883.7,1389.5,1389.4,1389.6,2383.9,2383.5,2384.0,15499.4,15502.2,22883.3,22881.1,3886.8,3886.8,3886.7,2280.1,2278.7,2279.2,4885.2,4884.0,4883.4,2474.3,2474.5,2474.6,81013.3,81014.3,5425.3,5426.2,1624.1,1623.1,1622.7,4323.4,4323.9,4324.1,1350.4,1349.8,1349.8,1671.0,1671.1,1671.5,4695.0,4697.1,39.919998,26.26,Starbucks_Dark_Coffee_Cold
26609.2,26614.7,1838.3,1838.2,1838.3,1178.3,1177.8,1178.0,7994.5,7994.3,7994.4,1555.3,1555.6,1555.8,4483.9,4483.7,115359.2,115290.4,17008.6,17004.2,16993.5,2889.1,2886.2,2884.9,1389.9,1389.6,1389.7,2383.4,2383.4,2383.9,15509.7,15509.8,22864.2,22878.5,3887.6,3887.6,3887.4,2280.5,2279.4,2279.7,4884.5,4883.5,4883.2,2474.4,2474.3,2474.2,80995.6,80971.1,5423.6,5424.2,1623.6,1622.6,1622.4,4323.4,4322.2,4322.9,1350.1,1349.7,1349.9,1670.2,1669.9,1670.7,4698.1,4696.8,39.990002,26.26,Starbucks_Dark_Coffee_Cold
26606.9,26609.9,1838.3,1837.8,1838.3,1177.8,1177.5,1177.4,7993.3,7994.7,7992.3,1555.2,1555.2,1555.5,4482.4,4482.1,115536.0,115497.2,17013.2,17004.2,16998.5,2889.3,2885.5,2884.2,1389.8,1389.5,1389.7,2383.8,2383.6,2384.2,15508.2,15512.1,22892.7,22887.6,3887.6,3887.5,3887.3,2280.9,2280.1,2279.9,4885.0,4883.7,4883.2,2474.0,2474.0,2474.5,80891.2,80900.3,5423.9,5422.8,1622.7,1621.7,1621.5,4321.8,4322.3,4322.3,1350.7,1349.8,1349.8,1671.3,1670.5,1671.2,4695.9,4695.4,40.130001,26.280001,Starbucks_Dark_Coffee_Cold
26604.0,26599.2,1838.2,1837.7,1837.7,1177.5,1177.1,1177.3,7991.4,7991.5,7991.6,1554.0,1554.4,1555.1,4481.6,4481.9,115404.1,115490.7,17022.0,17010.7,17002.3,2889.6,2886.2,2885.6,1390.2,1390.0,1390.0,2383.4,2383.2,2383.9,15509.2,15507.9,22914.6,22891.8,3887.8,3887.7,3887.5,2281.0,2280.5,2280.4,4884.3,4883.0,4883.0,2473.8,2473.7,2474.1,80907.9,80936.6,5423.6,5420.9,1622.6,1621.9,1621.9,4320.9,4320.6,4320.9,1350.5,1349.9,1350.0,1671.5,1671.4,1671.8,4695.3,4693.4,40.41,26.309999,Starbucks_Dark_Coffee_Cold
26610.5,26606.1,1838.2,1837.7,1837.7,1177.5,1177.1,1177.1,7990.8,7989.8,7990.5,1554.0,1554.4,1554.8,4480.8,4480.7,115526.3,115476.3,17021.2,17018.4,17010.3,2889.0,2886.3,2885.5,1390.3,1390.0,1390.1,2382.9,2383.0,2383.3,15502.6,15500.9,22892.9,22899.6,3888.3,3888.2,3888.8,2281.5,2280.6,2281.1,4883.5,4882.8,4880.8,2473.6,2473.5,2473.6,80944.9,80916.3,5420.5,5420.2,1622.1,1620.9,1621.4,4319.3,4318.7,4319.4,1350.7,1350.3,1350.5,1670.7,1670.3,1670.9,4696.7,4695.6,40.630001,26.32,Starbucks_Dark_Coffee_Cold
26612.9,26614.3,1837.9,1837.6,1837.7,1177.1,1176.7,1176.8,7989.9,7989.1,7988.6,1554.1,1553.7,1554.1,4480.2,4480.1,115449.3,115415.2,17011.1,17009.4,17001.2,2889.4,2886.9,2884.7,1390.3,1390.1,1390.0,2384.0,2383.6,2383.8,15506.0,15510.0,22902.9,22900.0,3888.6,3888.4,3888.1,2281.7,2280.9,2281.4,4883.2,4882.5,4881.9,2473.3,2473.0,2472.8,80932.7,80903.5,5420.5,5421.2,1622.4,1621.3,1621.0,4319.4,4318.9,4319.2,1350.2,1349.5,1349.6,1671.4,1670.6,1670.9,4696.5,4696.4,40.77,26.290001,Starbucks_Dark_Coffee_Cold
26600.1,26596.3,1837.8,1837.1,1837.3,1177.0,1176.5,1176.7,7986.9,7987.3,7987.1,1553.2,1553.2,1554.2,4479.3,4479.2,115465.2,115335.2,17013.3,17007.2,16999.9,2889.7,2887.2,2885.0,1390.5,1390.2,1390.4,2384.2,2383.8,2384.0,15506.3,15505.4,22882.3,22897.7,3888.9,3889.2,3888.8,2282.2,2281.2,2281.1,4884.9,4883.5,4883.0,2472.7,2473.0,2473.6,80971.6,80966.7,5419.4,5419.9,1621.8,1620.9,1620.7,4317.4,4317.1,4318.1,1349.9,1349.3,1349.2,1671.5,1670.4,1671.1,4696.7,4695.8,40.93,26.32,Starbucks_Dark_Coffee_Cold
26598.9,26600.6,1837.6,1836.7,1837.3,1177.0,1176.5,1176.5,7984.7,7984.8,7984.2,1552.8,1552.8,1553.5,4478.6,4478.5,115441.6,115358.2,17011.0,16998.5,16992.6,2889.5,2887.0,2884.8,1390.4,1390.2,1390.3,2383.9,2384.0,2384.2,15500.0,15502.2,22913.4,22908.2,3889.5,3889.1,3889.0,2282.1,2281.1,2281.4,4884.2,4882.7,4882.7,2472.5,2472.6,2472.6,80973.1,80952.9,5418.8,5418.6,1621.5,1620.4,1620.2,4318.0,4318.3,4318.9,1349.7,1349.2,1349.4,1670.7,1670.6,1670.9,4696.0,4696.9,41.009998,26.32,Starbucks_Dark_Coffee_Cold
26597.8,26601.3,1837.8,1837.6,1837.7,1176.6,1176.3,1176.5,7982.7,7981.8,7983.2,1552.9,1552.8,1552.9,4477.3,4477.3,115534.8,115485.4,17011.2,17005.9,17000.8,2890.4,2887.1,2885.8,1390.6,1390.6,1390.6,2384.3,2384.3,2384.6,15496.1,15497.1,22901.2,22903.6,3892.2,3891.8,3892.2,2282.0,2280.8,2281.2,4885.0,4883.5,4883.7,2473.6,2473.0,2473.4,80917.8,80911.6,5415.5,5416.8,1621.3,1619.9,1619.9,4315.4,4315.8,4316.3,1349.6,1349.2,1348.9,1670.6,1670.5,1671.0,4695.1,4694.9,41.009998,26.35,Starbucks_Dark_Coffee_Cold
